0,1
0,虾滑粉放得有点多
1,奶油的轻薄可以特别强烈的突出水果的酸度
0,饮料还免费
1,装修的挺古色古香的
0,地点非常好
0,烤肉味道不错
1,推荐招牌鱼的微辣
1,肉松小贝确实好吃
0,很棒的日料点
0,灯光桌椅背景图布置都恰到好处
0,辣的恰到好处
1,海带苗最好吃
1,牛蛙很嫩入味
1,草莓上面点缀的恰到好处
1,虾蟹都很新鲜
1,牛肉汤很地道
1,酸菜鱼味调的恰到好处
1,科技馆很高大上
0,能量钵里面类似的沙拉材料
0,整体感觉非常不错
0,挺好吃的小吃
1,很嫩牛蛙下在辣锅里简直一绝
0,免费赠送果汁
1,火候跟辣度控制的恰到好处
0,餐厅环境不错
1,三文鱼一如既往的最爱
0,饮品偏贵一些
1,汤底鲜味十足
0,米酒味道干甜
1,鲜香麻辣要得鸳鸯锅很好吃
0,东西很不错
1,开心麻花的剧一如既往的好看
0,六和神鱼味道不错
1,最爱猪肉三鲜
0,生意非常的好啊
0,口味一如既往的不错
1,书超级多各种分类眼花缭乱
1,鱼头汤很鲜美
1,琳琅满目的异域小吃相当诱人
0,馅料足酱料有点偏甜
1,烧饼烤的恰到好处
1,店内环境充满着优雅的法式浪漫气息
0,铺满厚厚蟹籽的沙拉
0,酸甜的果酱搭配牛奶冰淇淋
1,香辣虾一如既往的好吃
0,酱汁有甜辣
0,位置很明显
0,类似南京大排档的感觉
1,发型很精神
0,味道恰到好处不错鸳鸯菠萝炒饭
0,侬侬不错的
0,发型染色效果还不错
1,薯条好多东西都挺好吃的
0,冰激凌是软的冰激凌
1,素菜是茼蒿很嫩好吃
0,味道是恰到好处的家常菜
1,炸豆腐很嫩
1,剪头发很认真洗头一如既往的舒服
0,很香的茶味
0,逛累了到四层有各种美食
1,推拿手法很合适
0,菜非常好吃
1,最爱牡丹虾
0,小妖真的好吃
0,私教水平高
1,刺身和寿司一如既往的新鲜好吃
1,拿铁浓郁地恰到好处
1,车仔面真的真的真的是好好吃啊
1,意面恰到好处
1,鲜虾云吞面很正宗
1,香芒大虾沙拉芒果很香甜很新鲜
0,菜的口味很好
1,香菜出乎意料地好吃
0,羊肉串回味无穷
0,巧克力和抹茶拿铁用的竟然是相同的杯子
0,来了这里才知道小龙虾原来有这么多的做法
1,虾饺流沙包香芒糯米卷一如既往的好吃
1,环境装修的很古色古香的
0,火候掌握的很好
0,定食是一人食非常好的选择了
0,带一点咖喱一点沙茶一点海鲜的鲜
1,番茄锅味道很浓郁
1,浓郁茶味和奶调配恰到好处
1,羊肉串胖瘦恰到好处
0,密室设计不错
0,果汁很新鲜
0,明显富含胶原蛋白
1,餐厅交通很便捷位置靠近中山公园
0,毛血旺味道不错强烈推荐
0,口味很好服务很好环境加好
1,音乐用的恰到好处
0,感觉非常好
1,面包烤的恰到好处
1,牛里脊的烹饪恰到好处
0,调味的恰到好处
1,鳗鱼寿司鳗鱼薄厚恰到好处
0,价格非常亲民
1,生鱼片啥的都很新鲜
0,像儿时新见的玩具
1,意面真好吃啊
0,味道一如既往的好
0,玉石房都太热了
0,偶然发现家门口来了一家大型的汗蒸中心
0,糖心蛋做的恰到好处
1,辣油相当的香
1,猪扒包真心好吃到回味无穷
0,土豆有的时候做出来脆脆的好吃
0,孩子很爱吃
1,电影院很干净
1,料很足实打实的炒饭
1,芝士莓莓女生最爱
0,味道很不错
1,有个像平麻花的豆腐最好吃
1,龙虾一如既往地的味道好
0,核桃汁太失水准了
0,章鱼小丸子还不错
1,骨头煮的恰到好处
0,土豆泥的味道还不错
0,父母都是希望自己的孩子考上好的大学
1,三文鱼和海鲜非常新鲜
1,装修上看挺别具一格
0,味道和服务环境一如既往的好
0,鲜笋馅的特别好吃
0,配蟹煲可解腻
1,鱼的熟嫩都恰到好处
1,芝士的拉丝恰到好处
0,房间设计的非常好
0,环境很舒适
0,孩子特别爱吃
0,烩饭的牛肉太瘦了
1,金针菇烤的火候恰到好处
1,炉包烤的火候恰到好处
0,选点饮料很轻松的餐食
1,音乐风光都恰到好处
0,酸味恰到好处
1,黑面包很香有嚼劲
1,手撕烤兔非常嫩
1,到客栈后老板真的很热情有求必应
0,别照片需要改动
1,蟹黄豆腐非常鲜美
0,口感很不错
1,糖油粑粑最棒
0,甜品选择同样丰富
0,人流量非常的多
1,恰到好处的甜味十分解辣小酥肉
1,色香味俱全蓝莓山药货真价实山药泥很稠
1,芥末恰到好处哦
0,店里环境很好
1,黑泷太郎的黑钻太赞了
0,没想到出乎意料的好吃啊
0,服务特别好
1,芥末的辣恰到好处
0,炒饭挺好吃
1,串串的分量很够
0,味道一如既往的好
0,不错的面包店
1,沙拉做的非常精致
0,虾味道做的不错
1,烤肉很入味
1,厚切牛舌很嫩
1,鸡肉炖的恰到好处
1,溏心蛋火候恰到好处
1,面条煮的恰到好处
0,洗头的地方灯光暗暗的
0,味道真的不错呢
1,山药核桃仁木耳红椒荷兰豆都很新鲜
1,虾骨锅特别棒
1,牛肉很正宗
0,口味很不错
0,味道非常好
0,味道超级好
1,酸奶冰的口感非常纯净
0,会给健康带来损害轻食多餐
0,选址在崇安寺皇亭广场的外围商铺
1,西苑利园店午市套餐性价比太高了
1,双皮奶挺好吃
0,热热闹闹的
1,鸡蛋煮得恰到好处
0,补水的效果不错
1,鸡肉的火候恰到好处
1,建议多听餐厅工作人员的搭配意见
1,小鲍鱼蒸的恰到好处
0,牛肉块太大
0,到万达办事非常的方便
1,龙利鱼煎的恰到好处
1,腐竹泡发的恰到好处
1,龙虾最好吃
1,鸡肉肉很嫩
0,重点在拍照
0,连饮料都能送
0,锅巴恰到好处
0,搭配的样子很好看
1,烤鱼很入味
0,蘸着面包吃非常入味
1,香芋排骨一如既往的好
0,感觉非常好
0,水果西瓜不错
1,最爱手枪腿
1,店铺刚装修很干净
1,店铺装修的古色古香的蛮好的
0,午饭真的很好吃
0,位置很好找
0,老鹰茶放得多
1,最爱豆花鱼
1,鹅肝的火候恰到好处
0,小区里面的一家不错的烧烤
1,玛格丽特一如既往的美味
1,东坡肉回味无穷很大一锅
0,店里环境很好
1,三文鱼恰到好处的搭配
0,饮落细细嘅气泡刺激住口腔
0,鱿鱼味道都不错
0,一家人吃的很开心
0,花生冰沙一如既往的好吃
0,进去自然三文鱼是必点的
0,有幸光顾了这家只有五间密房的私人会所
1,鹅肝煎的恰到好处
0,啤酒饮料是免费的
0,看到这个人销量特别高
1,好吃地道的海鲜
1,鸡爪好好吃
1,常用刺身非常新鲜
0,到了牙齿美白处简单做了查看
1,瑶柱浸文昌鸡蒸的恰到好处
1,干锅有机菜花恰到好处
0,鸡翅锅贴感觉很不错
0,菜菜的味道超好
1,鸡蛋重点推荐一下
1,面包烤的恰到好处
1,清洗内饰很干净
1,酱汁与牛肉搭配的恰到好处
1,鸭肠好好吃
1,汤确实挺鲜
0,据说泰国师傅的手艺较为柔和一点
0,来个简单的富贵餐吧佛跳墙
1,鹅肝寿司是最爱
1,冰糖肘子很入味很好吃
0,弄鼻翼两边的时候很疼
0,一大碗真的吃的好撑
0,东西确实好
1,尝了一口辣椒味道很惊艳
1,球场的位置很棒
1,牛肉很新鲜
0,蒲黄榆地铁口紧靠电影院
1,羊排肥瘦适中恰到好处
0,味道特别好
0,服务人员园园人超级超级好
1,美玲粥好好喝啊真的一口气喝三碗啊
0,猪肚口感恰到好处马蹄水
0,不错的蛋包饭
1,沙拉很爽口
0,羊肉串不错
0,配合鳗鱼饭恰到好处
1,训练完来个健身营养餐恰到好处
0,连门和墙都是门口的小妍子小幸福
0,突然有一种想要烫发的冲动
1,肉酱面挺好吃的
0,人超多的一家店
1,猪蹄味道好吃
1,三文鱼非常新鲜
1,牛肉刺身新鲜特别嫩
1,奶香味恰到好处
1,上海最好吃的连锁炸鸡
0,味道一如既往的好
0,猪肚汤底不错
0,好像是在台湾还算有名气的一家咖啡馆
1,超市商品琳琅满目
1,芥末章鱼冲的恰到好处
0,地方很好找
0,具有淡淡的恰到好处的巧克力味
1,梅子秋刀鱼味道很正
0,感觉性价比不错
1,配上饼挺入味
1,萝卜的做法挺独到
1,燕窝恰到好处
1,装修的很古色古香
1,花胶鸡实在太好吃
0,是意大利顶级巧克力品牌
1,洗车非常干净
0,甜品真的很好
0,饮料雪糕什么的都随便拿
1,粉丝放的恰到好处
1,烤牛肉配面包烤的恰到好处
1,特色餐饮可口饭菜回味无穷
1,面部按摩很棒
0,凉皮味道不错
1,牛肉很淋好入味
0,口味超级好吃
1,化妆很耐心
1,椒麻鸡的味道回味无穷
1,臭豆腐苏州这边做的都挺好吃
0,汤的味道不错
0,总结为芝士第一口好喝微咸绵密回味无穷
1,店面装修的很老牌香港
1,按摩的力度都恰到好处
0,小吃拼盘种类丰富
1,鱼片恰到好处的滑嫩麻辣
1,海鲜都是养在氧气池里活蹦乱跳很新鲜
1,抛光的时候很棒
1,刺身很新鲜
0,原汁原味的
1,看似简单的卷饼很美味呀
0,感觉非常好
0,做了两次后痘痘好了很多
0,价格一如既往的便宜
0,味道一如既往的好吃
0,吃过后回味无穷
1,来了之后发现很是喜欢这个古色古香的城市
1,味道和西安的一模一样
0,湿纸巾别出心裁
0,鱼的味道不错
1,石斑鱼蒸得恰到好处
0,搭上甜甜的奶盖恰到好处
1,鱼煮的恰到好处
1,鱼很大很新鲜
1,装修的古色古香很有一番风味
1,刺身都很新鲜
0,蒜末味道恰到好处
0,餐厅的色调以鲜艳的橙色和绿色为主
0,串串已经熟制了
1,是备婚人士不错的选择哦
1,香蕉薄饼披萨好吃
0,可以免费停车
0,青木瓜沙拉一如既往地好吃
0,小伙伴的牛肉不错
0,位置很好找
0,性价比很高的一家店
1,牛肉蒸得恰到好处
0,菌类拼盘种类多
1,购物吃喝玩乐特方便
1,冒菜的汤非常鲜美
0,红烧肉有种扎肉的feel
1,墨鱼汁的饭很香
0,要了新奥尔良鸡肉饭
0,服务态度很好
0,人很好接触
0,手法产品一如既往的好
0,倒像是越南口味儿的简单饭食
0,味道不错手艺无可挑剔
0,看着眼花缭乱
0,快吃完了才想起来拍照
1,装修风格挺古色古香的
0,烤肉的味道依然不错的
0,味道一如既往的好
1,辣的恰到好处
1,糖心蛋恰到好处
1,鸭掌的芥末调的恰到好处
0,问问题的声音很轻
0,京华酒楼点了习惯吃的几款味道不错
0,火锅一如既往好好吃呀
0,回味无穷呦
0,朋友点了纯瘦肉肉夹馍
0,肉包里有汤有鲜味
1,孩子最爱吃他家的虾饺
0,不错的饮料
0,珍珠超级多
1,龙虾个个腮白肉肥
0,烤羊肉不错自助区的话
0,海苔奶黄蛋糕
1,称得上是苏州最棒辣锅之一
1,婚纱款式很简约
1,秘制牛肉很嫩
0,面一如既往的好吃
0,抽中了大众点评的丽人免费试用
1,下好的面条一如继往的恰到好处
0,只能吃到玉米仁
0,麻酱油麦菜很好吃
1,菌菇汤好评很鲜美
1,秘制牛肉最好吃
1,水果依旧很新鲜
1,牛肉还挺好吃
0,结果出奇的满意
0,几番犹豫后选择了水果千层蛋糕
0,免费的水果沙拉和茶水自助
0,东北菜和鲜族菜的结合体
1,酸奶很正宗很好喝
1,最爱海鲜酱和辣鸡酱
1,小熊特色松露土豆泥奶油味浓郁
1,牛蛙入味其他食材很新鲜
1,护理美女很贴心哦
1,辣度恰到好处
1,环境音乐都恰到好处
0,蛋黄焗南瓜和大拌菜味道无功无过
0,餐厅环境不错
0,带子味道逊色了
1,面疙瘩和切碎的牛肉薄片很香很入味
0,类似度假村
1,冰淇淋香草味很好吃
0,介于朋友最近长了纤维瘤
1,鳗鱼烤得恰到好处吃原味
1,漓江虾味道很鲜甜
1,装修环境很古朴
0,罗罗总总那么多口味蛋挞吃下来
1,工作室人员很贴心
0,海鲜菌菇丸子量都较少
1,烧烤佐料和盐的量拿捏的恰到好处
1,牛肚很爽口
1,排骨味道恰到好处
1,餐具挺赏心悦目的
1,一哥牛扒焗饭很香
1,桌球打的很爽
0,灯光开的恰到好处
1,白水鱼好大一条清蒸的恰到好处
0,店面装修的还不错
0,意面的味道都不错
0,美容房整洁卫生
1,羊肉串和牛心管烤的火候恰到好处
1,配各种精酿真的是恰到好处
1,迷迭香土豆角一如既往的好
0,偶然逛大众点评看见的团购
1,密室设计很棒
1,按摩结束整个人都舒服到毛孔
1,五大道难得的一家法餐很温馨雅致的布局
1,紫云楼很大很好玩
0,觉得麦田映像的摄影服务不错的
0,水世界的快餐不错
1,装修的挺古色古香的
1,抹茶和红豆味道结合的恰到好处
1,招牌嫩牛肉一如既往的好吃
0,味道一如既往的好
1,肥瘦串好优秀
0,服务态度很好
0,减肥道路坎坷
1,涂指甲的工具跟手法都很新颖
1,沙琪玛真心不错
1,菜饭货真价实料很多
1,羊杂炖的恰到好处
1,价廉物美好餐厅
0,最爱的绿菜花
1,米饭炒的恰到好处
0,进门有个小茶室会客室倒杯温茶
1,虾仁恰到好处
1,纱布袋真的很棒哎
0,客房内环境令人满意
0,馋了好久的花甲了第一次路过
0,饼上桌热的
1,甜品的味道恰到好处
0,披萨刚出锅很好吃
1,披萨烤得恰到好处
1,店门装修很古色古香
1,蒸的海鲜火候恰到好处
0,情人的眼泪很好喝
1,货真价实牛腩很有嚼劲哦
0,刺身还不错
1,香菜牛肉和芹菜牛肉质量很高
0,味道一如既往的不错
1,算是无锡川味火锅中数一数二的好吃
0,吃喝玩乐购物唱k一条龙都很方便
1,汤很鲜美很好喝
0,味道一如既往的好
1,鸭血和嫩牛肉一如既往地好吃
0,那个意大利的老板挺帅的喔
1,羊肉串烤得恰到好处
1,价格确实很实惠
1,水果都很新鲜
0,米饭可以免费续
1,烤牛舌熟度恰到好处
1,草莓腌的恰到好处
0,红柳烤串不错
0,甜度恰到好处
1,感觉锅包肉炒鸡蛋挺好吃的
1,剪头发非常认真
1,装饰风格超级独特
1,空气棒棒的环境是北京市里数一数二的好
0,酸甜口炒虾仁
1,君悦排骨拌面排骨好香口
1,青木瓜沙拉依然爽口好吃没毛病
0,虾馅的馄饨真的是一个馄饨一个虾不错
0,不错的医院
1,咖喱味特别正鸡腿啥的都好吃
1,据说是很地道的葡国菜
1,招牌躲猫很好喝回味无穷啊
1,牛舌口感恰到好处
0,价格还非常良心
1,开胃菜很开胃
1,甜辣炸鸡真的好好吃
0,生意不错停车便利环境
0,洗浴的地方不错
1,橱窗里展示的各种套餐很诱人
1,牛舌烤的恰到好处
1,鳕鱼煎的恰到好处
1,美女美甲师特别亲切nice很好的人哦
0,牛蛙面的味道不错
1,步行街吃喝玩乐购物都很方便
0,菜品一如既往的好
0,熟食区看起来不错
1,葡国的汽水好好喝
1,黄花鱼火候恰到好处
1,酸菜鱼一如既往最爱
1,金针菇个大味美
0,去的那天超级冷
1,爱心年糕和爱心鱼饼挺别出心裁的
1,蹄花汤很入味
0,音响音质非常的不错
0,推荐的菜个个好吃
0,环境特别好
0,味道始终如一
1,鸡汁汤包依然很鲜美
0,金汤肥牛的花椒放多了
0,生意都是一如既往的好
0,格调很舒适
0,摄影助理啊豪调灯光
0,统一装修风格
0,九宫格很好吃
1,桂花糯米藕很香
0,月子餐搭配合理
0,泰华的茅庐印象店面不错的
0,中餐西式吃法稀奇
1,确实好吃虾仁挺大的鱼香口做的恰到好处
1,姑妈炖猪手火候恰到好处
1,辣的恰到好处
1,一如既往的味道尤其是米饭香香喷喷的
0,蒸饺味道不错
1,米饭拌上鳗鱼汁真心不错
0,椰子鸡口味清鲜
1,面包很香有韧劲
1,烤土豆酥酥的挺好吃
1,牡丹虾超大只肉质细嫩
1,装修间隔很古色古香
1,鳗鱼烤制的口感恰到好处
1,恰到好处的把那个羊蝎子鲜味给提出来了
1,大明虾非常美味
0,好看增加了汤的香气
1,抹茶千层上面有很香的山核桃末
1,价格很实惠
0,精瘦仍然圆润的口感难能可贵
0,感觉很不错
1,原配的锅底其实辣度和麻度都恰到好处了
0,店里卫生很好
0,服务有求必应
1,咖啡味道恰到好处
0,没想到客服秋天很热心
1,虾饺和云吞很货真价实
1,鱿鱼和鸡胗味道略胜一筹烧茄子是最爱
1,调味猪五花味道一如既往的很棒
0,感觉东北的物价便宜的没谁了
1,面包烤的恰到好处非常香
1,香草冰激凌球一如既往的好吃
0,免费豆浆和疑似盖浇饭送的汤淡了点
1,薯条恰到好处
1,牛肉很实在
0,环境很不错
0,听说哥老关火锅不错
0,沾点酱汁超好吃
0,和舍友一人点了一份卤肉饭
0,是一家很正宗的潮汕菜
0,总体来说很好吃的
1,啤酒鱼中酸味恰到好处
1,饼底非常薄脆
1,三文鱼煎的恰到好处
0,看到好多朋友都对他家的评价非常好
0,是为了营造盗墓的恐怖气氛
0,果啤原汁原味
1,香辣虾一如既往的好吃
1,牛排肉和护心肉烤出来都很嫩
0,味道一如既往的好
1,店面蛮大的感觉在五角场数一数二的
0,挑了一家性价比不错的陕西驻京办
1,香肠铺地很厚
0,椰子汁还不错
0,汤送来温热的
0,服务有求必应
1,鸡肉火候恰到好处
1,龙虾烹调得恰到好处
0,品质一如既往的好
1,薯条恰到好处
0,味道很不错的
1,月嫂朱姐很细心
0,味道不是很地道素鸡不错
0,店里的店员全程都很客气
1,西式的摆盘让菜品加诱人
0,拌饭等的时间有点长
0,名字很好听
0,弄的超级好
0,结果粉有点软了
0,好安静的电影院
1,电影院的躺椅真心舒服
0,服务态度很好
1,雪冰的甜度恰到好处
0,类似大排档的感觉
0,收银员唐超很好服务好
1,海鲜非常新鲜
0,饭店生意不错
1,麻酱糖饼热的时候真的好好吃
0,辣的那么的恰到好处
0,冰粉不错喔
1,带有苏州特有的独特韵味
0,基础清洁开始
1,音乐轻盈分贝恰到好处
0,算是个良心乐园
0,浓汤红汤一应俱全
1,洗澡水很大洗浴用品一应俱全
1,肥肠炖的非常入味
0,辣度恰到好处
1,携合是义乌最棒的一家
0,蔬菜色拉的酱料别有风味
1,冰沙铺陈的恰到好处
0,味道很好的
0,天气热了可以喝冰啤酒吃串串哈
0,服务的话湘湘很棒
1,水果茶的卖相特别棒
1,马良味博的另一绝当属虾尾了
0,没想到效果出乎意料的好
1,恰到好处的锅巴
1,装修很古色古香的一家店
1,最爱牛舌饭
0,蔬菜拼盘的生菜都黑了
1,染发的效果很棒
0,衬的香菜的味道浓了
1,薯类拼盘火候掌握的恰到好处
0,剪头发真的不错
1,虾洗得挺干净的好评
0,香菇泡了很久
1,蛋汤的厚薄度依然恰到好处
1,香辣鱿鱼须很好吃
0,出片效果特别好
1,装修的很古色古香
1,鳗鱼寿司鳗鱼烤的恰到好处
0,店内环境很好菜品的口感很不错
0,背景音乐恰到好处地带动食欲
0,干炸丸子不错
1,水果茶超大一杯
1,美容顾问相当负责认真
0,凉粉什么的都免费
1,排骨煸的恰到好处
1,香酥鸡一如既往好吃
1,刺身很新鲜
0,店家很大方
0,卫生环境捉鸡
0,意大利面还不错
0,装修还不错
0,店铺装修风格还不错
1,欧迪挺小有名气的
1,羊肉串烤得恰到好处
1,芥末味道恰到好处
0,合理利用空间兼具收纳功能
1,牛肉很新鲜很好吃
1,鹅肝烤的恰到好处
1,据说这个品牌是泰国最好吃的冰激凌
0,万达文华的独特待客之道
0,营养健康海鲜拉面还不错
0,手撕鸡和三文鱼的味道不错
1,最爱小炒肉
1,雪媚娘奶味和可可味都恰到好处
0,拍摄效果很好
0,推荐多加点桌上的调料
0,鸡的味道不错
1,最爱牛肉松小贝
0,很好打发时间可以看看风景发发呆
1,主菜到甜品均被安排的恰到好处
0,喜欢炒翠苗什么的一个素菜挺好吃的
1,土豆粉很有意思
0,口味很对长辈胃口
0,味道一如既往的好
0,开始飞入寻常百姓家
1,魔都数一数二好吃的披萨
0,味道一如既往的好吃
0,剧情设计的非常好
0,服务有求必应
0,服务特别好
0,芒果冰沙不错
0,黑胡椒恰到好处
1,宝宝餐具很可爱
1,床特别舒服软软的
1,十八香小龙虾很好吃
1,泡菜咸辣恰到好处
1,汤的酸味恰到好处
1,冰镇小龙虾腌制得恰到好处
1,名副其实刺身的量很多很多
1,鲍鱼蒸的恰到好处
0,味道很不错
1,肉骨茶确实很不错
1,德国烤肠鸡肉芝士片鸡蛋红腰豆都很美味
1,芒果块和芒果冰淇淋配合恰到好处
0,龙虾做得不错
1,豆腐特别嫩
1,煮的软硬恰到好处的意面
1,网友推荐的榴莲泡芙真心不错
0,去长宁来福士很方便的
1,烤鱼口味很棒
1,吃过最好吃的淮扬菜
0,超好的店超好的老板和老师
0,烤鳗鱼的确不错
0,停车真是难停啊
0,加入草莓恰到好处
0,烧烤芝士蛋饼很好吃
1,辣的感觉很清爽
1,油条很酥脆
0,服务很好环境不错
1,鳗鱼饭的鳗鱼处理得恰到好处
1,装饰的很舒服很漂亮
0,自制酸奶不错哟
1,酸菜鱼味道很正宗
1,鱼排煎得恰到好处
1,最爱鸭血粉丝配汤包
1,半熟蛋火候恰到好处
0,烤鸡腿味道不错
1,小炒肉很正宗
1,溏心蛋很新鲜很美味
1,单人泳池很干净
0,服务态度很好
0,让人一看心情很好
0,味道出乎意料好
0,推荐有一个鸡尾酒无限畅饮的套餐还不错
0,回味无穷的嗝
0,菜色搭配很好
1,叫花鸡个人感觉做的味道不错鸡肉酥烂
0,煲地恰到好处
0,店内的环境服务都一如既往的令人满意
0,鸡翅是每次来此多会点一份尝鲜的
0,溏心蛋恰到好处
0,黑蒜野菌豆腐
1,天下第一鸡很香
1,串串香非常好吃
0,披萨是薄底的
1,鸡翅烤得恰到好处非常香
1,装修风格是那片岛最用心的一家了
0,常州丽丰园出产的蔓越莓酥很好吃
0,口味一如既往的好
0,上菜非常快
1,书店里面像一个温暖放满书的家
0,椰子汁绿咖喱有点偏甜
1,肉质很好烤肉师傅烤的恰到好处
0,烤鸭味不错
1,古色古香的装修风格让人感觉十分舒适
1,西湖牛肉羹很香
1,鲜羊肉很正宗
0,自助餐厅不错
0,抽中小鬼当家的免费拍摄
1,鱼片恰到好处
0,真好有这家奶茶店
1,门店古色古香的装修风格和西湖很搭
1,牛舌烤得恰到好处
0,手艺真心好呢
1,芝士做得恰到好处
0,味道还不错糍粑
1,想吃烤鸭了特意过来解馋
1,冒菜真的好好吃
1,孜然排骨很香很嫩
0,酿豆腐不错
0,香菇很新鲜
0,体验课的全过程还算好
1,蹄花很软糯
1,牛肉实打实量很大的
0,店里的两只猫咪慵懒的窝在椅子里
1,辣的恰到好处
1,香辣蟹的味道一如既往地好吃
1,做头发很棒
0,鸳鸯锅可以里面还送了些小菜
1,榨菜粒都恰到好处
0,服务态度很好
0,食后回味无穷
1,芝士虾丸是大家一如既往的最爱啊
1,番茄汤底浓
1,抹茶冰淇淋一如既往的顺滑好吃
0,别有洞天的好地方
0,开始是看到爱豆弹吉他好帅
0,位置很好找
0,肥肠够软烂
0,环境不错汤底好喝价格合适欢迎品尝
0,环境很好阳光充足牛肉很好吃炭火很大
0,感觉很好吃
1,恰到好处的熟度和淡淡的鸡蛋腥味
0,环境很好的
0,不错的休闲娱乐的地方
1,爱心画得非常正
1,烤肉很厚实
1,鸭头很入味
0,服务态度很好
0,海苔饭团都不错
1,进门感觉店里古色古香艺术气氛很浓
0,湿炒类似盖浇饭的感觉
0,芥末章鱼味道不错
0,石斑鱼很香
1,虾排真的是很棒啊里边满满的虾仁
0,鳗鱼味道不错
0,炒饭不错的
0,商品的陈列容易让人找到商品
0,整体体验很好
0,酸奶和酒酿不错
0,热荤双椒甲鱼
1,烤全羊很不错
1,清蒸笋壳鱼火候恰到好处
0,桌子都是错落有致地摆放
1,汤汁勾兑得恰到好处
1,虾烤得非常入味
1,牛肉超级棒
1,辣的恰到好处
1,洗浴好物一应俱全
0,总体都很好
0,味道烧的都恰到好处
1,地暖很舒服
0,总体来说这个套餐不错的
1,猪脑处理得很干净
1,烤肉里面护心肉最好吃
1,恰到好处的烘托出肠粉的鲜味
0,价格一如既往的便宜
1,照片效果都超级棒
0,高新华晶广场a座
0,口味真的不错
0,免费换了一杯牛油果奶昔
1,椰子鸡汤汤鲜味美
1,牛肉炖的恰到好处
0,烤昂刺鱼到不错
1,汤汁特别有滋味
1,传说中苏州粽子最好吃的
0,酱料味道不错
1,喜欢马先生泡馍是因为泡馍的口感恰到好处
0,环境很不错
1,甜虾刺身很新鲜
0,番茄酱太酸了
1,鳗鱼吃起来烤的恰到好处
1,泡菜很入味的
0,味道一如既往的好
0,冰美式不错
0,医院环境还不错
0,水果茶味道不错
0,海带丝不错
1,千叶豆腐是最最好吃的
0,啜饮独特的豪华精选鸡尾酒
0,清洁完后先用绿光照射了一会
1,海鲜很新鲜
1,剪头发十分仔细
1,土豆处理地恰到好处
0,龙虾蒜蓉的还不错
1,西花园别具一格
0,火锅还不错
1,另加两份小食一壶茶真的超划算耶
0,快递小哥很准时的送到了
1,通乳技术一级棒很专业
1,照片当天用u盘考走的回家选片很方便
0,三文鱼忘记叮嘱薄切了
1,味道好环境好值得推荐给大家
1,是一家非常赏心悦目的串串店
0,火遍上海杭州北京深圳等地
0,做的指甲不错
0,招牌烧仙草味道不错
1,三文鱼很厚很大很鲜美
1,猪肝很嫩很大一块酱汁味道恰到好处
0,有负责的小天老板
1,炸鱼条外酥内嫰
1,抹茶味儿很正宗
0,服务好送餐很快
0,足够熟的牛油果
1,芥末恰到好处的提味
0,恰到好处的口感
1,烧烤的火候恰到好处
1,装修很古色古香
0,实实在在的用料
0,济南的着名西餐开到淄博了
0,套餐是个大烤盘
0,环境布置的很好
1,饮料居然是最惊喜的
1,蛏子花蛤很新鲜
1,鸭肠焯的恰到好处
1,地瓜粉调和恰到好处
0,鸡枞菌炒饭味道不错
0,麻花挺好吃的
1,芥末味恰到好处
0,奶油吃起来很腻
0,可装修环境还不错哦
0,感觉恰到好处
1,这里的南瓜粥很棒
0,游乐设施多且收费合理
1,小田田最好吃的当属现烤面包
0,口味偏重了一丢丢辣辣滴
0,环境很不错
1,聚会超棒的选择
1,鱿鱼很新鲜
0,进门整体很不错
0,环境特别的不错
0,味道很不错的
0,核桃包不错
1,艾叶粑真心不错
0,感觉超级好
0,小龙虾口味偏甜一些
0,剪头发过程太快
0,味道一如既往的好
1,酸梅汤量超大超解腻
1,店面装修的很干净利落
0,辣的恰到好处
1,肉蟹煲分量很足很新鲜
0,果汁和清补凉中只能选择一种
1,水库鱼头挺好吃
0,关注这家店很久了
0,课程选择很自由很有针对性
1,剪发时发型师很用心
1,玉米片很脆
0,环境很不错的
0,黑酱油拉面里边叉烧肉两大块
0,地段还开在一座商务楼里面
1,阿龙拍照指导简洁快速
1,麦芽浓度恰到好处
0,实打实的中馄饨了好伐
1,鲍鱼很新鲜
1,环境好服务很棒
1,虾滑很纯正
1,吃过的最好吃的葱花饼
1,冬阴功椰奶的味道恰到好处
0,三明治不错
0,离泡温泉稍有点远
1,牛蛙真的很嫩很好吃
0,好内脏的会很喜欢
0,烧烤恰到好处
0,电梯很容易夹到人
1,装修师父做的很细致很速度
0,长度最长的
0,有一道鱼很嫩很嫩的
1,刺生很新鲜
0,菜一如既往好吃
0,做完以后脸感觉特别清透
0,腊味炒饭味道不错
1,精油音乐温度恰到好处
0,牛肉饭不错的
1,沙拉出乎意料的还挺好吃的
0,关注这家店很长时间了
0,串串种类多
1,重点推荐推荐艾叶粑和啤酒鱼
1,粉煮得恰到好处
0,大肠很干净
0,味道非常好
0,饮料分区明确
1,甜菜和土豆都恰到好处
1,停车很方便
1,最大程度上还原的虾肉本身的鲜甜
0,省植物园是个不错的选择
0,海鲜价格偏贵
1,装修相当别具一格
0,味道真的很好
1,炒蛋恰到好处
0,重要的是很对路子
1,海鲜很新鲜
1,停车超级方便
0,大胡子的老板和美丽的老板娘
1,火锅很正宗
1,装修的很可爱
0,鸭血鸭血感觉很新鲜
0,地址很好找
0,整整齐齐的
1,牛腩处理得恰到好处
0,虾仁虾籽虾黄
0,味道非常好
0,服装选择款式多
0,化妆简洁大方
0,韭菜盒子稍微强点偏淡
0,洗澡的地方装修不错
0,洗浴用品有点简单
1,东古来的炒杂菜味道很正宗
1,流沙包好好吃啊
0,有团了一个足疗跟拔罐
0,热热闹闹热气腾腾的
0,味道非常好
0,常德市内甜品店是越来越多了
0,小朋友吃的津津有味的呢花甲用酒酿烧的
1,烤串的味道非常的恰到好处
1,自然是英国贵妇谈天说地时的最爱
1,金针菇烤的恰到好处
0,菠萝油已经冷了
0,进去后熟门熟路的进包厢凉快会
1,虾滑牛羊肉很嫩
1,烤鳗鱼很棒
1,鱼的火候恰到好处极其的嫩
0,双色冰淇淋不错
0,葱油白蟹业不错
1,发型师超用心
0,态度非常好
1,肥牛粒好香好有牛肉味
0,菜品一如既往的好
0,手握寿司恰到好处
0,豆腐牛腩不错
0,哨子面不错
0,菜品一如既往的好吃
1,意面番茄的味道恰到好处
0,感觉商业感很足
0,团的六到八人餐有铁板鲈鱼
0,装修得的看上去很干净利落
1,装修很古色古香
1,三文鱼很新鲜是挪威进口三文鱼
1,装修风格很干净利落
0,品质一如既往的好
1,海胆刺身特别美味
1,装修特别的豪华
1,空调打的恰到好处
0,番茄牛腩不错
1,酸菜的味道融入汤中恰到好处
0,看着很久已经是很早的店子了
0,有种入口即化的感觉
0,肝的火候恰到好处
1,桂堂的装修风格很古色古香
0,饭店环境不错
0,牛百叶不错
0,做了眉毛和美睫线
0,感觉都快扎常营了
1,抹茶的苦味恰到好处
0,鸭肠毛肚放辣锅
1,分量十足的芝士和温泉蛋搭配的恰到好处
1,拌黄瓜很入味
1,味道很正宗的抹茶
1,煎饺的甜辣酱恰到好处
1,套餐价格很实惠
1,香肠很好吃
1,接睫毛时候超级温柔
1,爬爬虾味道很美味
1,最爱黑椒鸡翅
0,崔家木炭烤肉不错的
1,来这里是吃环境优雅的火锅的
0,刺身还不错
1,做的指甲很赏心悦目
1,鹅血很鲜嫩
0,烤串都还不错
1,土豆豆腐年糕都煮的恰到好处
0,蟹粉豆腐不错的
0,啤酒小龙虾不错
0,大堂富丽堂皇
1,乌鸡卷很嫩
0,零食口感不错的
0,地方很好找
0,烤鱼架子下面的碳火
1,稻子装饰的恰到好处
0,咖啡还不错
0,味道非常好
0,店里环境很好
0,小哥态度很好
1,色拉酱恰到好处
0,精油用的不错
0,是团的美团上的套餐
1,牛肉恰到好处
1,自助食物品类丰富
0,很好的一次
1,鱼烤的恰到好处
1,淋浴的水流很适宜
0,舞台效果很好
1,桂花糊味道好
1,配上店家的特质的酱料算是别具一格
1,毛豆本身煮的恰到好处
1,香辣鸡翅一如既往的好吃
1,料汁恰到好处的解决了脑花肥腻的问题
1,店家自助区的泡菜挺好吃的
1,水煮鱼和毛血旺挺好吃的
0,鸡翅味道不错
1,鸡爪猪蹄高压锅压的恰到好处
1,指甲做的很美
1,浓烈果香与卡斯卡特微辣酒花相得益彰
1,天妇罗很香
0,入口即化的绵柔口感
1,鞋底饼很有趣
1,量大虾非常新鲜
0,芝士的味道不错
0,眼镜跟新的一样
1,主菜的羊肩搭配墨西哥辣酱口感层次丰富
1,辣麻香都恰到好处
0,环境都很好
1,羊排烤的恰到好处
1,超大面积的自助区域
1,让人赏心悦目非常完美的一次美甲
1,台湾服务员态度很美好的
1,烤肉烤得恰到好处
1,蒸的火候恰到好处
0,鸡爪子不错
1,店里的茶包特别可爱
1,羊排非常棒
0,素食火锅健康
0,酸梅汁真心不错
1,性价比高的餐厅
0,采蝶轩的小蛋糕二十多快三十
1,全广州肉质最好的烤肉
0,会惊讶于入口即化的质地
0,鸡尾酒还不错
0,鲜鹅肠辣锅烫着不错
1,拍照和后期处理的水平很棒
0,觉得很好吃
1,洗头小哥很温柔
1,蒜炒腊牛肉口味是辣的恰到好处
1,牛肉卤得恰到好处
1,海鲜都很新鲜
0,停车还免费
0,馅饼还不错
1,鸡锅很实在的
0,店家服务很好哦
0,椰子鸡锅底味道不错
0,算是金碧辉煌
0,味道一如既往的好
0,服务人员态度很好
0,手擀面老大一碗
1,溏心蛋煮的恰到好处
0,感谢大众点评及金叶大酒店的热情款待
0,有新装修过
1,海鲜很新鲜
1,烤茄子很入味
1,装修特色有传统的江南庭院的古色古香
1,榴莲披萨回味无穷
0,烤羊排不错
0,椒盐撒得恰到好处椒盐排条
0,傣家烤罗非鱼太辣
0,久念树椒味
0,店面装修不错
1,面包烘烤的恰到好处
1,皮皮虾很棒
1,香酥鸭一如既往的好吃
1,生蚝应有尽有童子鸡很鲜嫩
0,味道很好吃
0,服务态度很好
0,健身两年多
1,沙拉酱和肉松恰到好处
0,三杯鸡里的配料多
0,味道始终如一
0,看来这家店的饮品还不错嘛
0,石磊厨师做菜很好吃
1,阳光好的日子里坐窗边是赏心悦目
0,潘院长和蔼可亲
0,西贡虾不错
1,烤金针菇味道火候恰到好处
0,鹅肝和牛味道不错
0,厚薄恰到好处手抓羊肉肥瘦相间
0,面包品种多
0,卫生条件很好
0,抹茶味恰到好处
1,黄油面包巨大
1,装修很古色古香
1,牛肉非常嫩
1,抹茶味很正
0,故宫很方便
1,米饭软硬恰到好处
1,养生馆房间环境优雅
1,酱料齐全水果很新鲜
1,装修十分古色古香
1,环境不错装修很漂亮
1,面筋凉皮是最好吃的
0,啤酒可乐雪碧都有
1,水果都很新鲜
1,羊肉串很正宗
0,画面感特别真实
0,洗澡产品不错
1,烤生蚝很新鲜挺不错的
0,肥肠很好吃
1,酥皮很脆北海道香浓一如既往的好吃
0,变睫毛精了
0,鱼是便宜了几块钱
1,三文鱼刺身吃起来很过瘾
1,看了这家在男装胸衬处理上手工恰到好处
1,装修很古色古香
0,服务特别好
0,炸酱面不错
0,红油抄手味道还不错
0,位置很好找
0,蛋黄酱放得恰到好处然后是甜虾刺身
0,活蹦乱跳逛了近三小时
1,白菜的香味全都恰到好处
0,薯条都有点软了
1,小鸡炖蘑菇很鲜美
1,装修古色古香十分典雅
1,鳗鱼是火烤的跟酱汁配合的恰到好处
1,豆腐挺嫩的
0,朋友介绍性价比较高的海鲜大排档
1,好吃的赏心悦目的觉米餐厅
1,装修风格很古色古香
0,白雪黑珍珠还不错
0,做的东西很好吃
0,全程换盘子催菜倒茶的节奏都恰到好处
1,店内装修的都很用心
1,停车很方便
0,浓稠的汤底
0,吃着烧烤一件写意的事
1,最好喝的味增汤
0,态度超级好
1,鱼头很新鲜
0,披萨不错的
1,番茄汁酱恰到好处
1,套餐很合算
0,恰到好处的化解了芝士的浓腻
0,千层肚口感不错
0,很小清新的欧包店
1,抹茶的微苦在舌尖停留得恰到好处
0,南下塘内新开的一家餐厅
0,创新的恰到好处
0,煎包口感不错的
1,肉夹馍凉皮等必点菜很棒
0,客家黑粉皮每次必点
0,环境很不错
1,三文鱼烤的恰到好处
1,大盘鸡一如既往的做得好
1,味道恰到好处多地保留着鳗鱼的原味
0,清蒸鲈鱼的味道不错的
1,三文鱼熟得恰到好处
0,味道很好吃
0,服务态度很好
1,刺身都很新鲜
0,土豆个别有涩味
1,红烧肉最好吃
1,香橙欧包真的好大一个
0,山西面食和莱的纯洁度要打折
1,老店海鲜家常菜菜品丰富
1,菜好吃还实惠
1,貌似是附近评价最好的餐厅了
1,溏心蛋火候恰到好处
0,披萨味道不错
1,羊肉串确实特别棒
0,有种入口即化的感觉
1,女宾搓澡很棒
1,吃喝玩乐都有团购很合适
1,南瓜粥是那种很细腻的
0,去勒泰这里不错
0,价格很公道的
0,环境很不错
1,香酥炸鸡外焦里嫩火候拿捏恰到好处
1,肉食海鲜琳琅满目
0,新开的在湖北路和北海大道交叉口
1,烤鸡烤得恰到好处
1,幸福香酥蚝仔饼很香
1,出行旅游购物住宿一应俱全非常方便
0,小龙虾畅吃
0,蕃茄味调得恰到好处
1,脆皮虾一如既往的好吃
0,火车站的这个店还不错
1,蒸的火候恰到好处
0,铁板梅肉味道不错
1,沙拉浓度恰到好处
0,店招牌很大
1,适合聚餐的好地方
1,牛肉炖得恰到好处
0,菜的口味很好吃
0,焖子火烧味道不错
0,可以喝着咖啡同时能享受免费的海滨浴场
0,味道很好喝
1,海鲜都是特别新鲜
1,凤爪软糯的恰到好处
1,爽口的蔬菜沙拉配着吃恰到好处
1,牛油果汁货真价实很厚实
0,蒸蛋小朋友都爱吃
1,汗蒸虾的蒜香味恰到好处
1,卤蛋和汤虾很美味
1,搭配的芸豆恰到好处串串配的酱料很棒
1,沙拉口味调的恰到好处
1,鸡肉加热得恰到好处
1,大厨现煎的牛排羊排都软嫩得恰到好处
1,石锅拌饭里面的锅巴很香
0,猪肋排很大块
0,火候恰到好处
1,酸酸甜甜的咖喱味让人回味无穷
1,脆毛肚好脆
1,折耳根牛肉很惊艳
1,秘岛的装修风格挺别具一格的
1,确实是家庭聚会上好去处
0,一家开业很久的美食城了
1,美甲做的很仔细
1,蛋卷做的软硬恰到好处
0,家具有点沉
0,脱毛机器是日本先进的脱毛机
1,最爱玫瑰露
0,年糕很糯鸡汤
1,熔岩蛋糕很美味
0,味道一如既往地好
0,猪蹄端的不错
1,羊排很货真价实
1,意面煮的恰到好处
1,龙利鱼香菜馅儿很嫩
0,原汁原味的感觉
1,装修挺古色古香的
1,米饭和鳗鱼酱汁的交融恰到好处
0,云吞面不错
1,环境不错超市东西非常新鲜物美价廉
0,会根据个人特点做出一些中肯的建议
0,一大杯巧克力热奶茶
0,鸭血粉丝汤味道不错
1,银鳕鱼煎得恰到好处
1,按摩按得恰到好处
1,肉酱意面口感恰到好处
1,素什锦淋的香油恰到好处
1,鸡肉很鲜嫩黑凉皮很好吃
1,牛肉都很嫩
0,粉丝汤不错
1,送的刺身礼盒不错鱼片很新鲜
0,蛋糕甜品丰富
0,吃卤菜干净卫生很重要
0,毛肚还不错
1,加了蜂蜜的红草莓冰口味恰到好处
0,感觉热热闹闹的
1,到了直接进店的感觉好棒棒装修古色古香
0,服务态度很好
0,结果这里烤的鸡脆骨居然出乎意料得好吃
1,好高大的一个汉堡
0,多了抔豆浆
0,环境都很好
0,喜欢吃细粉的
0,性价比较高
1,面包烤的恰到好处
0,烤肉的炭火是什么黑科技
1,烧烤烤的火候恰到好处
0,这家小馆的菜品的味道数一数二的
1,芒果宝宝真的超可爱
1,发型剪的很干净利落
0,腌制的牛肉不错
0,下去有段很深的台阶需要自己走下去
1,烤全羊一如既往的好吃
0,挺好吃的干锅物美价廉
1,饼底厚度恰到好处
1,化妆和修图都特好
0,咖啡还不错
0,旺众百货后面环境
1,看电影很方便
0,线下开店后口味一如既往地好
1,铁观音很香
1,烤甜椒烤香肠烤五花都恰到好处
0,医院治疗青春痘还不错
0,芝麻豆腐锅味道不错
1,面包烤得恰到好处
0,有免费的海鲜可以尝
1,培根煎得恰到好处
0,去大排必吃的一家大排档
0,三文鱼一面生一面熟
1,鸡肉炖的恰到好处
0,印象一直很好
1,按摩好后全身轻松
1,是家有优雅有内涵有品相的餐厅
0,古镇附近不错的选择
0,吃饭住宿一体化
1,虾皇饺和蟹子烧卖皇是卖相最好的
1,洗头按摩营养全程很好的体验
1,馒头片烤得恰到好处
1,鳕鱼火候恰到好处
1,最爱酱爆腰果鸡丁
0,聊得很开心
1,虾饺是最爱
1,牛舌烤的很嫩
1,锅边上的玉米饼很香
1,鹅肝搭配的恰到好处
1,一如既往地最爱轻乳酪蛋糕
0,毛肚拼盘不错
1,白粥很清爽
1,酱料特别新鲜
0,态度特别的好啊
0,小王服务很好
1,香菜很好吃
0,大宁公园规划的不错的
0,实在是惬得很
1,溏心蛋的流黄恰到好处
1,川菜做的很正宗啦
1,肥肠处理得很恰到好处
1,牛肉和掌中宝方便面很好吃
0,干挑的牛蛙是爆炒的
0,出品味道很好
0,奶油珍宝蟹不错
1,重点推荐猪蹄
0,韩料真心便宜
0,菜品在视觉上能让人感到赏心悦目
1,大肠很软烂入味
0,味道一如既往的好
0,星姐家的猫都是良心价
1,香辣咸味都调配得恰到好处
0,味道超级好吃
0,沙发皮质很好
1,米饭蒸的恰到好处
0,炒菜味道不错
0,服务态度很好
1,店铺装修得古色古香极具当地传统特色
1,口感特q鸡爪很糯
0,软欧包要配上霸气de水果茶
1,家庭聚会宴请都是不错的选择
0,万山蹄和赤豆粽都很好吃
1,据说是长沙那边很地道的臭豆腐
1,新疆菜的味道做得很正宗
0,牛肉挺新鲜的
0,离以前公司很近
1,配菜年糕很糯
1,鱼挺鲜嫩的
0,个人觉得香辣黑鱼好吃
0,环境特别的好
1,烤串真的恰到好处
1,冰火虾的口感很妙
0,炒米粉超大一盆的
1,寿司好好吃的
0,随便就近找了个日料吃
0,一家很实在的理发店
0,预定了两个超大尺寸蛋糕
0,咖啡整体微甜
0,和辣牛肉卷
1,茶跟奶的搭配恰到好处
0,服务态度和茶品都不错
0,连今天吃什么这种书都属于励志读物
0,选择多里面的档口几乎吃遍了铁板炒饭
1,清蒸石斑鱼时间掌握的恰到好处
1,油麦菜炒得好好吃
1,猪肋排烤得恰到好处
1,私人房间和汤都很令人满意
1,搭配的酱恰到好处的烘托出鳗鱼的肉质
0,厕所洗手台感觉很好
0,装修佳富丽堂皇
1,新推出的红柳羊肉串挺好吃的
0,石锅拌饭算是做得不错的
0,感觉是泰晤士小镇里人最多的地方了
0,鸳鸯锅不错
0,杭州吃饭真是便宜
1,是一座富有英国中世纪风格的城堡式建筑物
0,手艺一如既往的好
1,梅花肉很嫩
1,鹅肝很美味
1,牛肉超嫩的入口即化像在吃鹅肝
0,服务态度超好
0,胡椒提味恰到好处
1,草莓特饮货真价实
0,日本女性漂亮身材好
0,荤素串都不错了
0,服务超级好
0,加完之后吃的超级饱
0,斑鱼滑不错
1,是寿县最好的
1,精致透亮的餐具心旷神怡
0,金泉影城新建确实设施很好
1,化妆技术超级棒
0,酱汁调配得恰到好处
0,服务态度很好
0,朋友点的羊排还不错
0,菜系味道很好
0,店内环境装修的不错
0,墨西哥菜的颜色丰富
0,店里环境非常好
1,锅巴恰到好处
1,多了一份龙虾特有的鲜甜
0,态度非常好
1,饺子皮薄馅大肉多
0,价格很便宜
1,油麦菜炒得恰到好处
1,烤牛油果非常香
0,他家的饮品都很好喝
1,布朗尼很棒
0,黄咖喱牛肉不错
0,意粉稍微偏硬了
0,人气蛮高的一家烤鸭店
0,羊肉蒸饺偏甜
1,莴笋和土豆都好好吃
1,餐厅老板娘人很和蔼可亲
1,水煮鱼的麻辣味道恰到好处
1,美食琳琅满目
0,小菜水准很高
0,要了类似double龙虾的那种
0,服务态度很好
1,牛腩依旧酥烂
1,团购价格超级合适
0,猫挺好吃的
1,湖鲜很货真价实
0,统一装修的风格
0,提供了免费茶水糖果和水果
1,铁板时间恰到好处
1,香蕉飞饼出乎意料地好吃
1,装修很别具一格
0,店内装修简单
1,餐具相当精致
1,杂粮很健康很好吃都蒸的恰到好处
0,感觉是豆瓣酱放多了
1,柠檬茶很爽口
0,红烧肉熏鱼狮子头都无功无过
1,装修的很不错做了之后感觉脸变干净了
0,离公司很近
1,咖喱虾味浓
1,羊排烤得极为入味
0,服务态度很好
0,做的火候恰到好处
1,千页豆腐很入味
1,辣度分的很细
1,餐具是附近中餐馆中最干净利落之一
1,牛油果的熟度恰到好处
0,烹煮的时间恰到好处
0,转发朋友圈即可免费领取饮品
1,拿破仑蛋糕很棒
0,餐厅环境不错
1,千层肚很脆
1,鸡肉嫩到恰到好处
1,块状魔芋是最爱
1,三文鱼很肥美
1,处理的很好煮的恰到好处鸭汤
0,安格斯肥牛不错
1,餐厅经理非常和蔼可亲
1,鸡脚的软硬恰到好处
0,可吃上一口回味无穷
1,超大一个蟹腿
1,鱼香肉丝一如既往的好吃
0,味道一如既往的好
1,装修风格很闲适
1,芋圆煮得恰到好处
1,藤椒油恰到好处
0,口味很不错
1,店铺装修风格很小清新
0,刀工真是赏心悦目
0,环境服务态度很好
1,装修得非常古色古香
1,水果妍妍很清爽
1,鸡和猪蹄都炖的恰到好处
1,抹茶一如既往的香浓好吃
1,甜甜圈很松软湿润
0,看着红亮亮的汤汁
0,可免费得到两个蛋挞
1,开乳按摩手法很棒
0,痘印很浅了
0,重点推荐他家手撕包菜
1,羊肉串烤的恰到好处
1,店里的装修挺古色古香的
1,蒸土鸡火候恰到好处
0,装修不错的
0,炒群片好像点的几率很高
0,咸蛋黄南瓜有的蛋黄颗粒太大
1,酸汤鱼一如既往挺好吃的
0,离工农路很近
1,是各位爱好打火锅的美女帅哥们最佳去处
1,带有恰到好处的醋香味和芝麻酱香味
0,汗蒸效果不错
1,火锅味道很棒
0,菜品一如既往地好
1,进去装修的感觉很温馨
1,最爱麻辣蘑菇
1,白虾很新鲜
0,菜一如既往的好
0,有幸品鉴吃起o详见照片
1,蔬菜拼盘还挺新鲜的
1,音乐配合恰到好处
0,极大份的鱿鱼圈
1,鳗鱼披萨超级棒
0,蘸白糖很好吃
1,饼烤得很脆
1,搭配的蔬菜沙拉很新鲜
0,味道一如既往的好
1,黑胡椒微辣特别香
1,青岛人的最爱
0,菜的味道一如既往的好吃
0,小火锅的形式不错
1,最爱的栗子烧肉一如既往地好吃
1,生虾沙拉对大虾的新鲜度要求很高
0,口味很不错
1,奶昔装饰的很酷
1,冰淇淋口感很细腻
1,宽粉好好吃哦
0,工作餐和小聚的不错选择
1,咖啡味与酒香都恰到好处小评
0,菜品呢一如既往的好
0,服务态度很好
0,鸭头不错有点辣
1,去各个景点都很方便
1,酱料恰到好处的突出了鳗鱼的肉质感
1,咖喱蟹好好吃
0,位置很好找
1,刺身吃起来很爽
1,内脏虾都很新鲜
0,感觉特别好
0,很久之前去的了
0,听说在北京要排队的网红甜品店开在成都了
0,姜鸭豆腐煲不错的
1,鱼里面的豆腐很嫩
1,鹅肝食落好顺滑
1,躺着拔罐算是最轻松的减肥手段了
1,溏心蛋火候恰到好处
0,据说是以前的沸腾鱼加盟了品牌有了新名字
1,牛肉和面条入味得恰到好处
1,焖子煎得恰到好处
0,店面装修的还不错
0,马鞍山人真有口福
0,味道一如既往的好
1,粉粉的佐料放的恰到好处
1,店里装修风格挺古色古香的
1,鸭肠很新鲜
1,芥末调配的恰到好处
1,套餐上来看起来很赏心悦目
1,樱桃鹅肝做得惟妙惟肖
1,牛舌嫩度恰到好处
1,化妆和摄影技术都非常棒
1,抹茶味恰到好处
0,总体来说很不错
1,恰到好处的餐桌距离
0,肘子肉不错
1,冷面的汤汁口味调的恰到好处
1,大连数一数二的串串香好吃
1,辣椒油什么的都恰到好处
1,锅底辣锅很香
1,黄鳝炖鸡汤绝对是鲜上天的一个菜
0,来一个新口味冰淇淋
1,小龙虾洗刷地很干净
1,饭店大堂的兰花装饰都非常赏心悦目
1,芝士和香肠考得恰到好处
0,风景绝对秀丽
0,寿喜锅的味道总体是偏甜的
0,辣子鸡丁盖饭这么一大盘
1,让多人吃上地道的哈萨克特色美食
0,薯条送来的时候有点软掉了
0,汗蒸的话分干蒸和湿蒸两种
0,蛋糕和冰淇淋还不错
1,杨枝甘露好好喝
1,牛肉辣酱拌起来的饭配合恰到好处
0,火锅真心不错
0,吃腻了上海的熏鱼
0,菜的颜值很高
1,家庭聚餐很合适
1,装修风格很有时尚气息
1,配合着蒜汁儿恰到好处
0,除此之外他家一些饮品
0,鸡皮烤的不错
1,水果特别新鲜
1,老店新开装修很有风格古色古香
0,玉林西路这家店经营独特
0,生意非常好
0,东西很好吃
0,去的早有靠窗的座位
1,驴肉的香气加上恰到好处的面饼
0,榴莲冰激凌味道不错
0,吃最多的是火锅
1,面包和蛋糕都很出色
0,榴莲诱惑味道不错
0,装修的非常古色古香的那种
0,麻麻鱼不错
0,酸菜肥牛味道不错
1,海鲜的火候掌握得恰到好处
0,环境和老屋印象迥异
1,重点推荐冬阴功汤和咖喱牛腩
1,三文鱼烤制的恰到好处
0,位子之间很宽
0,环境非常不错
1,烤鸭真的好好吃
1,推拿手法和力度拿捏得恰到好处
1,吃素菜火锅健康营养
1,烤肉味道恰到好处
1,用心做一块出乎意料好吃的猪排
0,烤的恰到好处总结
0,环境真的很好
0,环境非常得好
1,牛腩的软硬度恰到好处
0,火锅畅享其中
0,环境很不错
0,隔音效果很好
1,特爱的酱骨架很入味
0,让人眼花缭乱
0,红糖糍粑要趁热吃
0,味道恰到好处
1,鱼汤味道很鲜美
1,酸辣粉口味做的很地道
0,味道一如既往的好
1,厚切牛舌烤的恰到好处
1,猪肝火候掌握得恰到好处
1,做的指甲很满意服务很棒哦
0,觉得有种耳目一新的感觉
1,大盘鸡很入味
0,最好涂的面膜估计是消炎的
1,芝士味恰到好处
1,汤的味道独特
0,服务态度很好
1,海胆恰到好处
0,味道一如既往的好呢
0,鲜花饼味道不错
1,肥牛恰到好处
1,锅巴像辣味煲仔饭一样恰到好处
0,烤鸡翅味道不错
1,化妆极好的
1,属于恰到好处的爱国主义电影
0,送的萝卜干和海带味道不错
1,蛋糕烘焙的恰到好处
1,拌饭很美味
0,绵密的雪花冰入口即化
0,房间背景墙挂了一副很大的森林油画
1,装修的很古色古香
1,香锅一如既往的好吃
0,品质都很好
1,大肠干净好吃
0,花甲的味道不错
0,服务很好的
0,牛肉汤不错
1,化妆的妹子挺温柔
1,摄影老师很和蔼可亲
0,老字号一如既往的好吃
0,菜品口味自然是原汁原味
1,鸡汤熬的恰到好处
0,性价比很高的一家店
0,虾饺皇皮子有点厚
1,鲜美黑松露汁调的恰到好处
1,东坡肉酥软赞一个
1,面包好香呀
1,虾饺配竹笋恰到好处
0,配合艾灸热膜等等
1,汤汁入口回味无穷
0,冰淇淋吃到饱吗
0,藤椒味道很足
0,毛血旺做的味道不错
1,瑞士最好吃的中餐
1,海鲜非常新鲜
1,羊汤味道很鲜美
0,尝试了新的汤
1,做的指甲很棒
1,牛舌烤的恰到好处
1,抹茶巧克力的冰激凌最好吃辣
0,团购很合算的
1,好品质的抹茶餐食人回味无穷
1,面片厚度恰到好处
0,菜品真心不错呢
1,进店装修很别具一格
1,香菇香菜肉馅师傅调的恰到好处咸淡适中
1,环境和音乐都恰到好处
1,烤牛肉程度恰到好处
0,味道还不错点的微微辣
0,能吃辣的点辣的
0,惠灵顿无功无过
1,豆腐本身特别滑嫩
0,鲜味还在啫猪肠粉
0,味道很不错环境可以这是来第四次了
0,吃得津津有味
0,服务超级好
1,装修风格挺别致的
1,冰粉特别解辣
1,烤肉一如既往的好吃美味
0,接的睫毛是欧式自然款
1,蝶豆花柠檬真的好好看啊
0,果断挑饮太
1,觉得笨鸟的古法盐焗鸡最好吃
1,香辣蟹一如既往的好味道
1,炭烤猪颈肉特别嫩
0,女生肥肠喜欢微辣的鸡腿口味偏甜
1,鱼非常的鲜美
1,酸度和米饭柔韧度都恰到好处
1,咸泡饭里的咸肉丁恰到好处
1,鸡肝冻涂面包味道恰到好处
1,香肠做的恰到好处
0,生蚝味道不错
1,蒜泥只此一家最棒
1,全南京最最价廉物美的店啊
0,宝贝在这里学了硬笔和软笔
0,态度和蔼可亲
1,海鲜的火候蒸的恰到好处
0,帮偶做指甲的是lisa
0,店名外面写的是鸿莱粥铺
1,烧鹅非常入味
0,表层是像菠萝油的酥层
0,看娃的水平首屈一指
1,出乎意料的好吃火锅完全高於平均水平
1,橙子雪梨汁很货真价实
1,椰奶味同酸度调得恰到好处
0,霸气草莓真的酸酸甜甜的
0,类似于鸡丝凉面的一个挺好吃的
0,前台接待人员态度非常好
1,汤酸酸辣辣很可口
0,口味非常的不错
1,琳琅满目的美食和特产
1,花蛤真的是很新鲜完全原汁原味
1,意面味道很可口
0,环境非常好
0,连通着一个大型菜市场
0,环境出乎意料的简洁
0,是家很舒适的小店
1,咖喱味恰到好处
0,梅菜扣肉的肉切的太厚了一点
0,熟筋有点凉都
0,环境和服务一如既往的好
1,泰汁鱿鱼筒火候恰到好处
0,烤羊排不错
0,布局错落有致
1,咸蛋黄包裹得恰到好处
0,让人回味无穷
0,装修的挺古色古香的
1,北京羊蝎子真的好地道
0,新开的一家水果店
0,环境非常好
0,菜超级好吃
1,店面装修古色古香很有些排场
1,牛肉粒和粉丝搭配的恰到好处
1,水果很新鲜
1,咖喱香料的气息恰到好处的融入虾肉中
1,牛肉脆豆腐最爱
1,原汁原味才是对牛肉的最大尊重
0,上海网红终于来到了杭州
1,奶油汤做的一绝
1,购物用餐都很方便
0,蒸的恰到好处
1,肉丸滋味别具一格
1,老两口很平易近人
1,牛肉很嫩很鲜
0,排队的人特别多
1,烧烤绝佳好地
1,烤牛舌火候掌握恰到好处
0,很多小菜可以吃不错的
0,鹅肠和毛肚处理的很干净
1,三明治味道很好量恰到好处
0,地方很不错
0,椰子饭和椰子冻不错
1,回锅牛肉的火候掌握得恰到好处
0,片皮鸭拿上来是热的
1,椒盐脆皮豆腐一如既往的好吃
0,菜品一如既往的好
1,奶油味恰到好处
0,味道可圈可点
0,广州路新开一段时间了的安庆馄饨
0,烤肉种类丰富
0,鱼大概有一斤多重
0,月季园的品种多
1,地方装修的很棒
0,环境服务设施都很好
0,街铺地理位置很好
1,手打牛丸非常实在
1,套餐很实在的
0,整体感觉很好
0,离火车站近
0,想做足疗随便搜了一家
1,泡椒兔的口感很惊喜
1,牛腩口感恰到好处
0,菜品原汁原味
1,披萨的厚度恰到好处
0,类似于沸腾鱼片的味道
1,香菜和佐料的量以及咸度辣度刚刚好
1,沙拉那些烟熏三文鱼好吃好入味
0,整体服务水平都很好喔
1,鸡心烤的很嫩
1,卤肉汁略重搭配米饭恰到好处
1,美食餐饮店的品牌全了
0,自然而然的选了逛恒隆
1,海鲜餐馆最重要的是食材新鲜
0,内陷超大的虾仁
1,场馆恢宏大气
1,玫瑰味恰到好处
1,拼盘的香肠挺好吃
1,鹅肝蟹棒玻璃虾寿司味道都很好
0,火候掌握得很好
1,古色古香的装修很有特色
1,酸辣可口的汤最是开胃
0,店里的小姑娘非常负责
0,广州潮州菜做的不错的地儿
0,店的位置很好找
1,搭着美龄粥特别配特爽口
1,炸腐皮配芝麻酱的味道恰到好处
1,鱼很新鲜辣的恰到好处
0,店内水果琳琅满目看那个都好有食欲滴
1,兔兔很可爱果然很好吃
0,洋芋叉叉很大一份
0,连鲍鱼都忘记拍照啦
0,菜品一如既往的好吃
1,香辣蟹一如既往的好吃
1,经济实惠装修有特色
1,大厅装修的很雅致
1,河虾非常香
0,据说免费的海滨浴场
0,派对来这里真的不错
0,我家先生想吃黑豆腐
0,鸡爪味道不错
1,装修好古色古香
1,烫好的毛肚口感鲜嫩脆香
1,黄山下来吃一顿地道的徽菜挺不错的
0,鸡排太大块了
1,淋的千岛酱量恰到好处
1,于阿姨很和蔼可亲
0,手工的辣椒酱不错
1,芝士放得恰到好处
0,米饭炒的恰到好处
1,美睫和美甲师服务超棒
1,海鲜非常棒
0,具体在喜隆多四楼
0,味道一如既往的好
1,基围虾很新鲜
1,芝士烤小青龙最回味无穷
0,私密性很好
0,有个带芦笋的手卷不错
1,全程跟随补妆服装挑选的很细致体贴入微
0,玉子烧偏甜
1,铁锅大公鸡挺好吃的
1,锅贴恰到好处
1,闷罐牛肉挺好吃的
0,位置很不错
1,茶味和奶味恰到好处
0,样子惟妙惟肖的
0,年糕锅味道不错
1,排骨很嫩量很足
0,南京东路那家永远排着几百桌果断转战这家
0,看得出这家店的服务非常好
0,选了温热的海盐茉莉花茶
1,牛肉筋都被打的恰到好处
0,标准的湘菜
0,冬阴功汤味道不错的
1,龙虾很干净
0,辣的恰到好处
1,咖喱和番茄锅一如既往浓郁好吃
1,坐月子最重要是自己开心宝宝得到照顾
0,甜品卖相不错
0,吃起来很好吃
0,光要了最爱的豆腐
1,炸鸡超级棒
1,餐厅环境不错很干净
0,汤汁味道一股鲜味
1,出乎意料是鸳鸯好好喝
0,短指甲能美美哒
0,棍棍面还不错
0,服务超级好
1,装修风格挺别具一格的
1,羊肉串肥瘦相间恰到好处
0,三杯鸡味道不错
0,披萨面饼有点厚
0,环境和服务很好
1,品德居的桂花糕糯米柔软的恰到好处
0,服务态度真的超级好
0,团购很实惠
0,菠萝海鲜炒饭不错的
0,感觉最好喝的招牌鲜果茶
0,离地铁站有点远
0,怀念以前的一网打尽的河鲜大拼盘
0,店开在热闹的心斋桥
1,牛肉做的味道和火候都恰到好处
0,芥末用的恰到好处
0,整理装修较简洁
0,前台有个特别瘦的老师特别特别好
0,火锅味道不错
0,火锅还不错
1,到景点都很方便
1,盐煎肉半肥半瘦恰到好处
0,饮料都被大家拿空
1,蟹饼色拉很棒
0,加州寿司味道很好
0,果断选择大气泡
1,老烧鱼很地道
0,淋上切好的嫩血块和现煲的浓汤
1,牛肉好嫩好嫩
1,感觉香锅味道一如既往地好吃
0,蒜蓉酱恰到好处三杯鸡的味道
0,冰粉恰到好处救场
0,咖啡和清补凉
1,脆脆的雪菜和笋搭配得恰到好处
1,红糖糍粑很好吃外酥内糯
0,超爱吃这家的牛丸
0,菜的摆盘很不错
1,化妆很仔细
1,店里装修风格很棒
1,面包烤得恰到好处的香酥
0,碳水糙米和墨西哥红米
1,芥菜咸蛋粥很清淡
1,用的果酱和酸奶的甜度恰到好处
0,装修的非常别具一格
1,面汤很鲜美
1,餐厅的菜一如既往的好吃实惠
0,炸鸡味道不错
1,肯定是台北最棒的烤鸭餐厅
1,鸡翅中烤得恰到好处
1,鸭血真的很正宗
1,鸡爪熟烂程度恰到好处
1,芝士和配料恰到好处
1,白菜的酸度和芥末用量恰到好处
0,米饭用的米还不错
0,天津菜偏甜口
1,班蛋的水波蛋恰到好处
0,坐落在衢州的网红街水亭街内
1,茶楼装饰得很古色古香
0,服务可圈可点
1,龙虾味道特别棒
0,味道口感都恰到好处
1,鱼本身很鲜嫩
0,昌里路新开张的tplus茶家
1,配好的眼镜戴上非常合适舒服
1,热气羊肉新鲜好吃
1,牛舌和梅花肉都火候恰到好处
1,德国咸猪手非常入味
1,茉莉花的味道恰到好处
1,鱼烤的恰到好处
1,烤串火候恰到好处
1,抹茶味道恰到好处
1,黑椒包味道恰到好处的浓郁
0,住宿有免费停车
0,前台的工作人员会彬彬有礼
0,新开的一家烤鱼店
1,酸汤的味道恰到好处美味至极哦
1,油条很香脆
0,新开的商场新开的店
0,香锅最爱的
0,配野菜解腻恰到好处芦笋新鲜
1,酱料甜味恰到好处
1,牛油果椰奶和椰奶冻很棒
1,酸汤水饺非常够味
1,辣椒放的恰到好处
0,辣恰到好处
1,猪软骨很实在
1,点心很新鲜精致
0,感觉真心不错
1,按摩做得好
0,环境很不错
1,海鲜品种很齐全
1,锅巴是恰到好处的脆
1,汤底挺好吃的
0,味道很好吃
1,鸭皮爽脆且油脂恰到好处
0,皇堡味道还不错
0,石锅鱼真心不错
0,菌汤锅和辣锅
1,抹茶很正宗
1,肖老师按摩很好很认真
1,剪发前沟通很有耐心
0,高脚座椅非常舒适
0,团购菜很经济实惠的
1,虾仁很新鲜
0,咖喱的味道不错的
0,味道很好吃
0,味道出乎意料之外的好
1,麻辣小龙虾味道超级棒
1,恰到好处的满足味蕾是一种艺术
1,小点心好看适合拍照
1,蛋糕和面包看上去很诱人
1,餐厅的饭挺好吃的
0,枝竹羊腩煲不错
0,服务台态度非常好
1,凤爪蒸的恰到好处
0,口味很好吃
1,香芋派一如既往的好吃
0,菜品量很大
0,虾脑虾黄流入汤中呈红色
0,感觉很不错的
1,芝士味很浓郁
1,烤肉师傅烤的火候恰到好处
0,位置特别好找的
0,服务很好上了一杯冰的柠檬水
0,听说鸡翅不错
0,离鸟巢有点远的
0,新乐坊里的一家新开店
0,孩子养成了很好的阅读习惯
1,沙拉来的恰到好处
1,红糖糍粑很美味
0,五角场开了那么多餐饮
0,环境和性价比都很好
0,火候恰到好处
1,牛肉真材实料真好吃
1,五星顶级好评觉得沈阳数一数二好吃的披萨
0,味道一如既往地好
1,刺身都很新鲜
1,海拉尔最好吃的一顿回味无穷
1,糍粑很正宗
1,装修古色古香的很有感觉
0,试了五款软面包
1,帝王蟹浓汤盛器太精美了
0,做的菜很好吃的
1,涠洲岛独特美真的是让人流连忘返
1,工作室很温馨
1,装修很精致古色古香
1,牛肉和土豆煮的恰到好处
0,店面在洪泽路上很好找
1,拍照氛围很轻松
0,服务态度很好
0,环境真的是好的没话说很怀旧复古的环境
1,自助取票机简单易懂很方便
0,辣椒油有点多了
1,水果茶的卖相特别棒
1,大肠很美味
0,小品演员能把喜剧演得淋漓尽致
0,接待的女孩非常好
1,白粥熬煮的恰到好处
0,牛腩是熟的
1,鸡翅烤的恰到好处
1,北京最好的大众冻酸奶冰淇淋
0,货真价实的
1,装修风格很古色古香
1,餐厅服务很好彬彬有礼
0,连汤都可以喝
1,点心萌萌哒很可爱
1,橄榄油煎虾火候恰到好处
1,洗头小妹妹洗的很认真
0,菜品一如既往的好吃
1,水煮鱼味道好
1,味道咸甜适中牛蛙面真的好香啊
1,牛腩煮的恰到好处
0,房间里有个小温泉池
1,腰片炒的恰到好处
1,茶香鸡一如既往的好吃
0,味道很不错
0,整体真的好重要
0,店内环境很有新意
0,门面很宽大
0,配着牛肉吃恰到好处
1,酸豆角的味道很棒很棒
1,奶油蘑菇蝴蝶意面味道很纯正
0,潮汕牛肉今年是真的火
0,体验感很好
1,饮料出乎意料的很爽口
0,蒸海鲜不错
1,烧烤类火候恰到好处
0,味道不错这次来有烧烤了
0,番茄锅红彤彤跟辣锅相似
1,做指甲很细心
0,训练有素综合
0,牛肉的品质不错的
0,量足还便宜
0,辣椒叶还不错
0,整体来说很不错的
1,锅底很清爽直接可以当汤喝
0,小伙伴们纷纷表示外卖多了一个选择
0,爱吃他家的春卷
1,人帅还超级nice
1,三文鱼调味的恰到好处
0,草莓味道不错
0,鲜鸭血不错
0,服务态度很好吃的东西不错
1,抹茶超级正宗吃在嘴里微微发苦回味无穷
0,美女老板人很好
1,舟山最好的自助餐
1,鸡汤小白菜煮榆林豆腐鸡汤非常清淡
1,牛蛙食材很新鲜货真价实
0,味道非常好
0,蘸酱是柠檬醋加蜂蜜胡萝卜泥原汁原味
0,菜品的创意确实很重要
0,感觉健康了很多
0,结束后送上的银耳羹恰到好处
1,米饭软硬恰到好处
0,店内物品摆放很整齐
1,鲜虾云吞可以达到独立开店的品质
1,金花蟹味道很棒
1,肉夹馍非常入味
1,好好吃的炖菜
1,山野菜很清爽
0,甜度恰到好处
0,美国一样的周日的时候人山人海
0,海鲜品质不错
0,酒水味道很不错
0,浓厚的茶味
1,鱼皮烤的很脆
1,海鲜和起司搭配的恰到好处
1,送的生菜很足量很地道
1,煲仔饭真的非常香
1,打开蛋糕盒子很惊喜
1,最爱德国香肠
1,自制饮料很棒
1,书店内部的结构很是干净利落
1,装潢很古色古香
0,甜品西米露不错
1,因味茶是很赏心悦目的一家店
0,自助水果免费
1,咖喱的味道恰到好处
1,面包烤的的恰到好处
0,沃尔玛购物广场奥林匹克的最好
0,喝个茶那有哪么快结账走人的
1,鸡肉很嫩总体来说性价比很高
1,密室设计的很巧妙
1,标准的日式拉面呀
1,巧克力味和甜味恰到好处
1,牛肉肉质很细
1,味道一如既往的好实惠
1,最爱橄榄油虾
1,白葡萄酒和奶油用的恰到好处
1,拌饭之类的还挺地道
1,茶拿铁香浓恰到好处
0,按摩之后是仪器的紧致
1,扇贝感觉烤的恰到好处
0,服务特别好
0,蒸的恰到好处
1,套餐很优惠
1,剪头发非常耐心
1,迪士尼小镇非常好找乐高积木一应俱全
1,肉饼grill得恰到好处
0,阿根廷红虾不错
1,香菇肉丝真的出乎意料好吃
1,河粉恰到好处提味
1,冰激凌球搭配恰到好处
1,装饰点缀恰到好处
1,船的摆盘精美颜值高
0,鱼的味道不错
1,四通八达的可以通往地铁口挺方便的
0,汤味道不错
1,芒果糯米饭一如既往的好吃
0,味道很好的一家店要排队
0,难得在花店看到进口奥斯丁玫瑰
0,味道可圈可点的
0,巧克力酱太甜腻了
0,玉子烧是类似于鸡蛋卷的东西
0,服务的质量一如既往的顶级
1,水果一如既往的新鲜好品质
0,收藏了希腊各地出土的各个时期稀有的文物
1,酸奶配蜂蜜健康营养
1,炖的恰到好处的排骨
1,毛血旺一如既往的味道好
1,鱼做的味道恰到好处
0,整体感觉非常不错
0,味道一如既往的好
1,咖喱牛腩很香
0,蒸霜降牛肉那个不错的
0,小朋友看的津津有味
1,艾瑞老师最棒做头发很认真精益求精
0,免费的绿豆汤酒量汤圆
1,川味的香辣和鲜美的里脊肉配合得恰到好处
1,鱼肚汤很鲜美
0,有个炒粉干很好吃
0,服务和技术都特别好
0,三文鱼刺身算是厚切的了
1,月饼一如既往的新鲜好吃
0,煎三文鱼腩不错
0,烤鸭味道不错
0,整体感很强
0,服务态度特别好
0,羊杂汤不错
0,上菜的男服务员态度很好
0,弄得特别的鲜
0,上菜特别快
1,海鲜很新鲜
0,我家早产儿特别难带
0,服务态度很好
0,厚切的三文鱼
0,味道真心不错
1,烤鸭好好吃
0,烤米皮味道不错
1,火焰蟹棒超正值得一试真好食回味无穷
1,肉质挺嫩的芝士鸡蛋卷一如既往的好吃
0,充满艺术气息
1,松茸汤的味道很赞烤鳗鱼这个地道
0,奶油很滑润
0,牛肉面不错
0,前台服务很好
0,包房装修不错的
0,动作非常快
1,咖喱味的蟹很入味
0,对了他家师傅做烘焙是透明的玻璃间隔
1,饭店的环境古色古香很有韵味
1,法式鹅肝牛排味道恰到好处
1,椒盐猪手真的好好吃
1,烤鸭挺好吃的
0,人一如既往的多
0,方便了很多菜一如既往的点了火锅
1,拿铁和玫瑰糖浆放的恰到好处
1,三文鱼刺身超级棒
0,上座率很好
0,光启城的新开的波奇
1,酸奶味道好
0,虾和蛙的味道偏辣
1,香菇肉大馄饨出乎意料的好吃
1,海鲜蒸的时间恰到好处
0,店里只有可乐雪碧类碳酸饮料
0,重新装修后确实舒服咗好多
0,奇妙的星空真的难忘
1,按摩的力量恰到好处
1,牛肉煎的恰到好处
0,打算尝一尝传说中的软欧包
1,鳗鱼烤的恰到好处
0,水果米饭免费赠送
0,芥末章鱼味道不错
1,泰剧和咖喱各有千秋各有特色锅底越煮越香
1,牛肉很新鲜
0,一大桶啤酒
1,酸菜鱼很正
1,招牌鸡片好好吃
1,鱿鱼本身是鲜的恰到好处的q
0,吾悦广场新开了
1,法棍面包蘸汁脆脆的好好吃
1,套餐很齐全很划算
0,味道是很不错的
1,牡丹虾口感不错推荐
0,蘸上酸甜辣口的蘸料
1,香肠和培根煎的恰到好处
1,三品刺身的三文鱼和吞拿鱼都很新鲜
1,虾饺皇很棒
0,皮皮虾有点瘪
0,菜品一如既往的好
0,鲜花饼是热乎的
0,牛大骨味道不错
1,蒜蓉与生蚝搭配恰到好处
0,西瓜汁很难喝
0,团的两人套餐量可以的
0,新开的咖啡馆
0,看到很久了
0,喝的最多哈
1,脆皮乳鸽一如既往好吃
1,味道好鱼鲜味美
1,红柳烤串和烤羊排都很香
1,砂锅装的肥肠烧制的恰到好处
1,蒸凤爪蒸的恰到好处
1,土豆与鸡蛋的结合恰到好处
0,富丽堂皇旷阔
0,照相馆态度很好
1,装修风格淡雅文艺
1,服务很好西装做的很合身
1,清油毛肚一如既往的最好吃
1,生蚝很美味
0,属于串串届的良心环境了
0,服务人员态度很好
1,烤串煎饺味道一如既往的好吃棒棒的
1,寿司的调味恰到好处
0,韩式的很正宗
1,海鲜很新鲜
0,小店装修别具一格
1,最好的一次通马桶服务体验了
0,南山登良路强记海鲜
0,海鲜挺新鲜的
1,牛肉很实惠
0,空间秉承着日料的小巧
1,牛油果沙拉中的牛油果成熟度恰到好处
1,意面煮的恰到好处
1,鱼豆腐的孜然味恰到好处
1,红酒牛肉粒烹饪得恰到好处
1,实至名归的好医院
1,浴区洗浴用品一应俱全非常贴心
1,龙利鱼煎的恰到好处
1,服务人员雪儿特别有耐心
1,脆皮坑牛腩味道很好
1,冰粉很解辣
0,面膜吸收效果有明显提升
1,白芝麻在里面恰到好处
0,糖心雨多有创意
1,咖喱很正宗
1,进口的水果就算这里最多了
0,芝士恰到好处
0,有日行过发现多左家素食呵呵
1,面包松软配上流心的蛋黄恰到好处
1,炒蛏子很鲜美
0,做完护理感觉效果明显
0,整体装修风格不错
0,杭州的网红甜品店
1,面条劲道调味搭配的恰到好处
0,芒果千层都很好吃
1,蔬菜拼盘很划算
1,音乐渲染的恰到好处
0,难忘腌笃鲜
0,烤肉味道还不错
0,果断买了腐竹和鱼豆腐
0,肉类和点心都不错
1,香糕很香甜
1,桃汁的香甜与茶的清香搭配的恰到好处
0,生牛肉映像深刻
1,米饭恰到好处
0,芥末章鱼的确不错
1,菠萝油简直恰到好处
1,亲子游的最佳选择
0,出乎意料的酸甜好喝
1,装修和布置很舒适
1,鸡胸肉腌制入味煎的恰到好处很嫩
0,味道原汁原味
1,鸡肉腌制入味烤得恰到好处
1,黄喉和牛肚都很嫩
0,火飘牛肉味道不错啊
0,铁板豆腐烹调时间长
1,牛蛙肉质恰到好处
0,重新装修后第一次来
0,果断选择了日式
1,鸡翅烤的恰到好处
1,最爱胚芽奶茶
1,拌面的麻辣味道调的恰到好处
1,黑胡椒加的恰到好处
1,店里内部装饰挺温馨
1,汤粉中的牛肉很棒
0,担担面味道不错
0,环境很不错每一次来感觉都不错
1,鸭血脑花豆芽都特好吃
0,菜品一如既往的好
1,香辣虾一如既往的好吃
1,汤底超级棒
1,古镇上这家麻花店是最有名的了
1,最爱西北凉糕啦
1,烤鸭烤得恰到好处
0,淋浴配的沐浴产品都不错
1,确实是饮料还蛮好喝的
1,天都算是最实惠的一家火锅店了
0,前台服务特别好
0,虾球个头大
0,流连忘返蛋糕的的榴莲味很浓郁
1,鸡肉在里面翻滚一下味道是极好的
0,鲍鱼是名贵的海珍品之一
1,纯正牛肉好吃
0,咖喱汁每次都是备注多放一点
1,石斑鱼蒸的火候咸淡恰到好处
0,口味一如既往的好
0,来了才发现他家的招牌是黑酱油拉面
0,华哥的电影看起来确实很有意思
0,技术非常好
1,惠灵顿牛排酥皮恰到好处
0,设备很先进
0,味道一如既往的好
0,拍照旅游的重点
1,鱼汤很酸爽
0,淋浴的水很大
0,口味一如既往的好吃
0,口味一如既往的好
1,虾滑好吃新鲜
0,小吃都不错
0,装修的很棒
1,蛋糕确实很出色
1,装修的特别富丽堂皇
0,口语能力得到了很大得提升
0,麻辣土豆丝真辣
0,口味很不错的
0,汤底味道不错
0,奶盖味道还不错
1,芝士的味道恰到好处
0,服务态度都很好
1,香肠做法很特别吃起来回味无穷
0,小面味道偏淡
0,环境很不错的
1,猪排的裹粉恰到好处
0,连里面的炸猪扒都一摸一样
1,鸡肉烤的恰到好处
1,京城十分正宗的川菜味道
1,店内装修的古色古香的很有韵味
1,蟹腿烤一烤蛮嫩的
0,蒸的恰到好处火锅
1,香辣蟹一如既往的好
1,面疙瘩挺好吃天下第一罐
1,难得的是皮蛋每个的溏心都恰到好处
1,海鲜都非常新鲜
0,亲子挖螺是不错的选择
1,芒果糯米饭味道很好
0,丸子味道不错
0,有被照顾到的感觉鱼很新鲜
0,服务态度很好
1,蒜蓉黑虎虾和生蚝扇贝都烤的恰到好处
0,牌子很显眼
0,服务态度非常好
0,味道可以性价比高
1,菜品种类很全中餐西餐应有尽有
0,错落有致的分布在餐厅的各个角落
1,肉皮汤是最爱
0,装修的很雅致的白色小楼
0,味道一如既往好
1,甜虾个大肉厚
1,牛肉煎的恰到好处
1,猪颈肉特别好吃很嫩
1,西装定制的款式特别多眼花缭乱
0,新开的网红店
0,服务态度特别特别好
0,教学质量真心不错
0,老牌的小吃店
0,朋友撕心力竭推荐掏耳朵的服务
1,鱼头烧得很嫩
0,牛肉的味道都腌制的不错
1,照片看上去既有光影的质感有独特的气质
0,味道很不错
1,肉串烤的火侯恰到好处
1,龙利鱼很嫩
0,贝勒爷烤肉味道不错
1,家人聚会很开心
1,环境是典型的成都农家乐
1,番茄酱很香
0,脑花真的不错
0,高冷停车便利
0,泡崖子好像数羊汤最出名最多
0,理发过程中还会有吃的喝的提供
1,特色的商品琳琅满目
0,是意式薄底的
0,味道一如既往的好
0,类似吃快餐快餐的量
1,奶盖的咸香恰到好处
0,音响效果很好
1,红菜汤很浓郁
1,蛋蛋沙拉里面的鸡蛋煮的恰到好处
0,烤鸭味道都不错
1,bbq熟度韧度恰到好处
0,烤的恰到好处
0,服务态度很好
0,和蔼可亲的
1,肉饼火候恰到好处
0,味道一如既往的好
1,烤金针菇调味恰到好处
0,恰到好处的音乐
1,很棒的婚礼体验
0,空调有点冷
0,备忘录里画着红圈
0,跟着旅行社来吃团餐
1,装修的很古色古香
0,总体来说这个火锅店做的不错
0,看着挺赏心悦目的
0,店里的姑娘们特别特别的好
1,牛油果调配的恰到好处
1,柠檬红茶恰到好处
0,咕噜肉还不错
1,松饼真的煎得恰到好处
0,桑葚口感很好
1,鳗鱼的寿司味道淳厚
0,有烤鱼羊蝎子和大闸蟹三种口味任选其一
0,芥末加的恰到好处
0,三杯鸡菠萝油条虾都不错
1,护理全程都很舒服
1,鹅肝出乎意料的很嫩
1,享美食的一大好去处
0,偶然来了天虹
1,能让人感觉到最地道的日本料理的风味
1,生菜白灼恰到好处
1,酱料的浓厚恰到好处
1,商场高端奢华走国际路线
0,试下来后煲不错的
0,酸辣汤一如既往的好吃
1,虾的肉质很饱满
0,草莓杯选用富硒草莓
0,服务态度特别好
0,总体来说是个性价比不错的铁锅炖
0,包装很干净的小吃外卖
1,鳗鱼烤的恰到好处
0,味道很不错
1,面包系列很新鲜
0,味道很不错
0,难得的一次美食体验
0,环境一如既往的好
1,面部护理特别棒
0,蛋糕看着不错
0,豆花豆浆免费吃
0,值得推荐的一个好地方
1,音乐很舒适
0,鱼肉入口即化汤鲜味美
0,永旺吃饭的虽多
0,引导文文和蔼可亲
1,加点了牛肉一如既往的很嫩
0,凉皮q弹有力的
0,夫妻肺片不错
0,西里街斜对过
0,黄与黑的色调映衬了牛角包与蛋挞
0,结账还给了酸奶解腻
1,河虾很新鲜
1,背景音乐香薰精油都恰到好处
0,味道一如既往的不错
0,串烧拼盘不错
0,离家里很近
1,吃下来最爱鸡爪
1,蒜泥恰到好处
1,鸡蛋卷鲜嫩掌握得恰到好处
0,涮菜一如既往的好吃
1,恰到好处的抹茶味深得我心
0,冰淇淋都挺好吃的
1,蘑菇的熟度恰到好处
0,旅游爬山累了
0,小菜很好吃
1,艇仔粥做的很入味
0,饮料可以选择七喜或者可乐
1,装饰的很古色古香
0,重要的是上菜居然很快
0,让汤底恰到好处的好喝
0,支付宝扫码点菜真的不错
1,兔头味道很棒
1,东星斑蒸得恰到好处
1,鱼片超级嫩
0,装饰还不错
0,价格真心便宜
0,口味不错分量足
1,牛肉很嫩恰到好处
0,免费提供服装
0,有着浓厚的黑胡椒味
1,牛蛙一如既往的好吃肉质很嫩
0,店里一如既往的人多
0,寿司拼盘不错
1,拍照的小姐姐都很有意思
0,买了网友风评最好的海苔肉松小贝
0,东西超想象的好
0,睫毛做的不错哦
1,糍粑很软糯
1,贡丸长得很可爱
1,可以说是吃到现在最好吃的带子
1,凯撒沙拉真的是超大份超实惠
1,海鲜处理的很干净
0,牛羊肉还算不错的
1,捞神的店内很古色古香
1,辣的恰到好处
0,地方环境很不错
0,介绍了性价比高的裸钻以及款式精美的戒托
1,泰式椒麻鸡酸辣的口感恰到好处
0,分享朋友圈还可以免费得一份鸭血
0,配以甜面酱卷起薄如蝉翼的春饼
1,螃蟹很新鲜
1,汤底味道好的没话说
1,日式做法佐饭很合适
0,考五花肉不错
1,鱼片特别嫩
1,夫妻肺片很辣很过瘾
0,百联饭店都快吃个遍了
0,点心口味真的很清淡
0,装修风格简洁大方
1,石锅豆腐很爽口很下饭有点出乎意料
1,酸汤味道恰到好处
0,去了新开的这个百联
1,玉米片特别脆
1,免费停车很方便
0,整体全五星好评推荐
1,狗笼打扫很干净
0,感觉很好的店铺
0,裸钻可选多
1,做刺身和寿司的师傅都很认真
0,英语的发音和词汇量都不错
0,中心饭店一楼
1,牛肉腌制的味道恰到好处
0,wifi不错
0,酸奶有点太大杯了
0,薯蓉边的披萨不错
1,梳子吹风机什么的挺好用一应俱全
1,没想到的是夏天的汤泉内好玩
1,吉士蛋黄流沙包很适合爱吃甜食的人
1,大山焖鸭口味独特
1,牛肉软硬恰到好处
1,面条非常入味
0,很大一包哦
1,汤和面都恰到好处
0,店里的环境很不错
1,烤鸭做得好的让人回味无穷
0,宝宝在这里上亲子早教课已经一个多月了
0,味道真的不错
1,豉汁凤爪超级软烂入味好好吃
0,外皮很好吃
0,是新开的饭店
0,微辣的墨鱼汁面里面惊奇的一小只鱿鱼
1,面包诱惑依旧挺好吃的
1,环境好味道好
0,清明来洛阳旅游
0,设施都很新
1,酸汤恰到好处
0,品质一如既往的好
1,鸡很嫩东西很新鲜
0,味道很不错
1,茶温恰到好处
1,鲍鱼酥酥皮酥的恰到好处
0,环境非常好
1,流沙包流的恰到好处
1,芝士大虾的火候恰到好处
1,鸡汤很鲜美
0,做为日料老牌品牌希望多多创新
1,嫩牛肉一如既往地好吃
0,高逼格or小资环境的餐厅越来越多了
0,来到这家新开的侨鑫商场
1,搭配恰到好处的芝士
1,身临其境的感觉射击很棒
0,女人婚纱妆多半显老
1,牛肉分区很有意思
1,羊肉串烤得恰到好处
0,一如既往的人多
1,凉皮非常的有滋味
0,服务人员态度很好
0,烤得恰到好处
1,配的菊花茶恰到好处
0,像熟筋一样的牛肉
0,总体体验很不错是当地的老牌子了
0,红烩牛筋腩
1,骨头啃的超舒爽
1,抹茶很正宗
0,看到店主有新图立马过来再一次弄海娜
1,芝士土豆泥挺好吃的
1,水果挺新鲜
0,染发开始到结束持续了将近四个多小时
0,温泉蛋与牛肉味道都不错
0,别具一格的授课方式
0,配辣白菜一绝辣炒猪五花
0,服装款式很全
0,火炙鳗鱼寿司
0,冰淇淋不错
1,店装修的古色古香很有武侠片的感觉
1,牛肉汤很货真价实
1,简单的洗吹发型师特别认真
0,拉皮过短了
1,韩孕u美每个细节都处理得恰到好处
1,鸭血很嫩虾滑一如既往的好吃
1,音乐很轻柔
0,期待的搓手手呢自己点了热的咖喱荞麦面
1,咖喱鸡和三八酱四季豆非常下饭
1,辣椒粉配合的恰到好处
1,香辣蟹出乎意料的好吃
1,茶具很赏心悦目
0,味道一如既往的好
0,送的泡菜挺够味的
0,小馒头配上炼乳超级好吃啊
0,味道上云吞面无功无过
0,吃起来回味无穷
1,豆花好入味
1,锅贴的皮儿煎的恰到好处
0,团队聚餐在这里很开心
0,一家不错的新疆菜厅
0,味道一如既往地好
1,迷迭香鸡腿饭真的是一如既往的好吃
0,凤爪味道很好
0,花束搭配得当
0,海鲜日式蒸蛋不错
1,厚切牛舌煎得恰到好处
1,鱼生都很新鲜
0,吃完还可以涮菜真是不错
1,环境很美式时尚
0,南瓜汤还不错
0,爆米花不错
1,胡椒粉的味道淡淡的恰到好处
1,小龙虾只爱吃他家
1,猪皮做的硬度韧度恰到好处
1,辣的恰到好处
1,表妹茶餐厅的会员卡真的好漂亮啊
1,鸡肉烤得恰到好处
0,一大颗抹茶冰淇淋覆盖在表层
0,服务态度超级好
1,水果挺新鲜的
1,泥鳅上来的时候活蹦乱跳的很新鲜
1,米酒一如既往的可爱好喝
0,价格很合理
0,去了大水川点冷
1,羊肉串火候恰到好处
0,新增鲜烤各种海鲜
1,装修很干净清爽
0,服务好主动上米饭
0,爆鱼和鸡爪都不错
1,照片拍出来很美
0,冰淇凌不错
0,五花肉烤的时间短
0,融合得恰到好处
1,汤汁鲜美恰到好处
0,水果品种丰富
1,菌菇汤厚度恰到好处
1,香辣田鸡好好吃
1,扇贝很新鲜烤的恰到好处
0,服务态度很好
0,一家人整整齐齐
1,和牛油脂恰到好处
1,冒脑花挺好吃的
0,让人回味无穷
0,吃喝玩乐是相当不错好呀
1,号称最好吃鱼头
1,店内装修古色古香的很有气氛
0,装修很时尚
1,表层的芝士用量及烤制火候恰到好处
1,龙虾新鲜好吃
1,特色海鲜琳琅满目
1,恰到好处的奶油味和菠菜汁相结合
0,店里面非常多排队的人
1,古色古香的装修风格和火锅很搭
0,豆腐松松的泡足了汤汁
0,敷面膜时有用一个叫光罩的仪器
1,上海难得好吃用心的法餐
0,可选可乐或者汤
0,便宜的快餐
0,饮料拿到手都是温热的
0,店门很好找
1,冬阴功汤很浓郁
1,牛蛙很入味
1,冰淇淋的大小恰到好处
1,面条口感好够劲道恰到好处
1,裙子西装都是刚洗过的搭配的恰到好处
0,建议带自热米饭吃
0,看到宣传牌上的照片如此之多
0,奶油南瓜汤不错
0,涮的东西很好吃
0,明显这里的小食略胜一筹
0,东西都感觉货真价实
1,秀玉的外卖包装是最让人觉得赏心悦目的
1,净果甜品应属窝个人最爱的甜品之一啦
1,新鲜出炉的煲仔饭好有米香味
0,东西很好吃
0,自选凉菜土豆丝还不错
1,化妆很厉害地理位置很好
0,草莓太甜腻了
0,泡椒花椒味恰到好处
1,最爱的烤猪蹄
0,鳗鱼饭之神的店
1,装修很温馨
0,典型的港式茶餐厅
0,招牌烤鸭不错
1,囧总的来说性价比很高很温馨的客栈
1,恰到好处自助甜品台
0,发图到朋友圈免费寿司
1,辣椒的辣味恰到好处
0,小朋友在这里很开心
0,同事推荐祝鹤口味不错
1,去骨鸡爪酸酸甜甜很开胃
0,味道一如既往的好
0,味道和口感恰到好处
1,溏心蛋恰到好处
1,番茄锅超入味
1,嫩牛肉很好吃
0,抹茶味道偏淡
0,菜心的质量不错
0,扶梯下去后很好找
1,串串锅底料的辣味恰到好处
0,一幸总在最好的时节
0,炒饭恰到好处
0,音乐恰到好处
0,位置很好找
1,面包的搭配恰到好处
1,香肠和叉烧都很香
1,按摩恰到好处
1,碳火铜锅蛮有意思的
0,饮品有点偏甜
0,卖相很不错
1,鲜香出人意料白果芋泥味道很醇很自然
0,菜品口味回味无穷
0,总体感觉很不错的
1,有个拌蛋的牛肉口感挺嫩
0,美容老师会根据照片来分析皮肤的衰老程度
0,一家人很开心
0,菜量真的很大
0,西塘很美丽
0,担仔面不错
1,面汤里醋的分量加得恰到好处
1,难得的清汤不错的火锅店
1,玫瑰味道挺浓郁
1,意面煮的恰到好处
0,装修的很复古富丽堂皇那般
1,传统中国风摄影加出彩
0,鸡肉太瘦了
0,味道很不错
1,手软软的按摩力度恰到好处
1,最爱的腊味拼盘一如既往的好
1,做指甲的小姑娘很认真
1,重新装修后挺宽敞
1,重点推荐虾饺皇
0,入嘴的那个嚼劲非常有力道
0,离湖泉公园很近
0,紧靠中华门
1,活鱼现烤非常棒
0,人气很足的
0,免费的龙虾片
1,装修的很古色古香
0,珍珠挂帘的感觉非常好
1,空间设计十分独特
1,鳌虾依旧是必点最爱
1,本帮菜将原汁原味发挥到了淋漓尽致
0,服务很好的
0,确实是家物美价廉的的好餐馆
0,四喜点心饼不错
0,虾仁鸡丝面加班时吃挺方便
0,韭菜盒子一如既往的好
0,重要的是榴莲披萨跟的上
1,刺身好新鲜
0,装修的不错
0,人民广场店那么火
1,鹅肝寿司是最爱
0,饭席是在一阵热热闹闹的氛围中拉开帷幕
1,奶香味很重
1,虾滑很嫩哦
1,毛肚很新鲜
1,辣的程度恰到好处
0,恰到好处生蚝
1,汤的味道恰到好处
0,黄鳝很好吃
1,牛蛙很新鲜
1,辣的酸爽恰到好处
1,店面装修非常富丽堂皇体面
1,圆生菜煮的恰到好处
0,偏于西餐的东西多
0,前台推荐新品的小吃不错
1,汤底特别浓郁
0,服务态度很好
1,茶味恰到好处
1,摄影老师非常有耐心
0,很好的保护了用者
0,味道很不错
1,酸梅汁很恰到好处
1,地方装修的很古色古香
0,态度非常好
1,牛肉真的很棒
0,离洱海很近
0,看到梦想家的时候感觉这个名字不错
1,铁板豆腐挺好吃的
1,环境好味道好价廉物美经常来的
0,菜品一如既往的不错
1,三文鱼刺身很鲜美
1,五花肉烤的恰到好处
1,餐具都很干净可以放心用
1,装修很古色古香
0,恰到好处掌中宝做个小菜
1,配着芝麻酱很是回味无穷
1,咖喱味道恰到好处
0,会籍很热心
0,重点推荐巴盟酿皮
0,店里的服务员服务态度很真诚
0,白萝卜炖的烂烂的还不错
0,包装很好看
0,味道都是很不错的
1,新出的鳗鱼pizza好好味
1,鳗鱼三吃鳗鱼烤得恰到好处
1,抹茶味恰到好处
0,装修有个性
0,快吃完才想起来找照片
1,水果茶的卖相特别棒
1,牛肉炖的火候恰到好处
1,鹅肝的用量恰到好处
0,味道真的不错
0,新出了椰汁红豆糕
1,mojito感觉很清淡
1,小雏菊画的特别漂亮
0,团购做的不错的
0,奶水多了很多
1,黑糖冰豆花甜甜的当做甜品挺好吃的
0,专业且平易近人
0,监测产妇宝宝的健康情况
0,肉龙不错啦
0,卤肉饭味道不错
1,牛腩炆的恰到好处
0,汤粉的汤底鲜味
1,装修古色古香很有中国风味
1,汤汁特别浓郁超级下饭
0,冰淇淋体多
0,石锅银鳕鱼酸甜口
0,有幸拔草在成都必体验的串串
0,吃起来赏心悦目的
0,海鲜泡饭不错
1,减肥效果最好的一种
0,服务各方面一如既往的好
1,装修别具一格很清新
0,量出乎意料的多
0,味道一如既往的好
1,天津少有的高性价比南方菜
0,陆家嘴新开的店
0,上桌后会有免费的男茶女茶供应
0,门店重新装修过
1,米饭的软硬恰到好处
1,刺身都挺新鲜的
0,酱料特别好吃
0,鱼的味道不错
0,跟着导航很好找
0,意面还不错
0,来食的顾客有穿唐服免费拍照的福利
0,店面装修的还不错
0,齐家花园菜价真心便宜
1,配上酸奶的香恰到好处
1,晶莹的面皮包裹着条状肉丸和虾仁
0,装修及整洁程度还不错
1,薯条是快餐店数一数二的好吃
1,黑椒牛肉粒口感嚼劲恰到好处
1,小妞拍下了很多美丽的照片
1,套餐里的菜都挺好吃
1,自助水果很棒
0,令人赏心悦目
0,突然感觉面包不错哎
1,水饺一如既往虾仁的最好吃
0,鲁西南家常菜人均消费
1,炸鸡特别酥脆
0,摄像助理大麦老师服务态度很好
0,寿喜锅不错
1,中西合璧的餐厅很有意思哇
0,羊肉烧麦不错
0,口感特别好
0,膻味恰到好处
1,虾仁很大块很新鲜
0,味道一如既往的好
1,羊肉串烤得恰到好处
1,煲仔饭很棒
1,煎牛排区的牛肉很新鲜
0,看起来赏心悦目
1,微呛的芥末恰到好处
1,装修风格挺古色古香的
0,老火汤不错
1,鲜牛肉很棒
0,有大虾仁肥牛咖喱花枝丸
0,服务态度很好感觉很不错以后会常来光顾
1,串串的牛肉一如既往的好吃新鲜
1,茶味恰到好处
0,食品却是一如既往的好
0,吃完山里逛逛别有风味啊
0,服务态度很好
1,海盐奶盖绵密松软
0,透明的窗口厨房
0,烤幼鸡必点的一道菜
1,寿司恰到好处
1,牛肉腌制的恰到好处
1,装修十分炫酷的一家咖啡店
1,负责眉形定制的美女很认真
1,德国香肠拼盘薯条洋葱圈等等都很棒
1,牛蛙不错很嫩
0,芝士薯条不错
0,黑色是黑巧克力
1,汤底浓郁的恰到好处
0,服务人员态度很好
1,榴莲披萨做得非常恰到好处
1,拿破仑酥脆好吃
1,酸梅汤味道真的很浓郁
1,炒面和炒饭都挺好吃
0,感觉环境很好
1,一如既往最爱黄焖口味的小龙虾和大闸蟹
1,酸汤龙利鱼味道很正
0,烹饪的恰到好处
1,米饭蒸得的火候恰到好处
1,蟹宝货真价实里面很多蟹肉
1,店里装修古色古香挺大气
0,带着小表弟去过那么多西餐厅
0,整体性价比比较高
0,浙江菜偏甜一些
0,不错吃老火石磨豆腐
0,难得小朋友想吃羊肉串
0,连着两天的早午茶都选择了这里
1,酸菜酸味恰到好处
0,有射箭不错的
0,服务态度是很不错的
0,乐蜂店员太斯文
1,牛肉相当棒
0,海石花还不错
0,芝士年糕不错
0,装修其实很简单的
0,烤盘换的特别勤
1,摄影技术都是最好的
1,花雕酒煮蚬微辣恰到好处
1,恰到好处的辣度保留了花蛤口感的鲜美
0,有个男歌手反串唱的不错
0,海鲜品种较多
0,肉松卷挺好吃的
0,口味恰到好处
0,汤中多了海鲜的鲜
1,炒蛋嫩得恰到好处
0,周边环境很好
1,芝士包裹着恰到好处的鸡蛋
1,面饼软硬恰到好处
1,高钙羊肉和上等三筋肥牛都挺厚实的
1,粉煮的恰到好处
0,加入了浪漫的店铺装饰
1,手撕鸡挺嫩的
1,火龙果汁很清爽解腻好好喝
0,筋道的五谷粉
0,拿捏的恰到好处
0,凤爪还不错
1,米饭色泽晶莹
1,应有尽有海鲜很丰盛啊
1,搬家安心最重要啦
0,菜品真的都很好吃
1,醋肉很正的古早味
1,恰到好处的玫瑰味
1,音乐配合得恰到好处
1,九帆修图修的恰到好处
0,那个疙瘩汤不错
0,样子看起来很不错
0,宝宝椅很好
0,加油遇到最好的自己
0,味道超级好
1,牛舌恰到好处
1,裸奔虾辣的恰到好处
0,团购了简单的拔罐
0,治疗后效果特别好
1,装修很干净利落
0,羊蝎子挺好吃的
0,牡丹虾海胆品质不错
1,鹅肝火候恰到好处
0,牛肉品质还不错
0,环境和菜味一如既往地好
0,臊子面还不错
0,豆汁极富蛋白质和维生素c
1,锦衣寿司烤的恰到好处
0,蒸得恰到好处
1,咖喱牛腩的咖喱熬制恰到好处
1,面筋塞肉肉馅很香
0,自助调料中酱料选择品种较多
0,铁板烧味道不错
0,环境非常好
1,牛肉口感恰到好处
0,前台海涵美女特别好
1,山西浑源的刀削面挺好吃的
0,口味是一如既往的好
0,难得老闵行有这么一家店
1,动物园很好玩
0,饮品味道不错的
1,蟹的味道恰到好处
0,早知道可以这样脱毛
0,口味特别好
0,名字叫的很好听
0,服务态度都很好
1,鸭饼巨好吃
0,菜品非常好吃
1,是吃过的最好吃的鳗鱼饭
0,三文鱼不错
1,腰花和猪肝都很嫩
1,焦溜里脊酸甜汁恰到好处
1,家人做的台湾菜一直很合胃口
0,团购的票觉得挺划算的
0,悠时光餐厅
1,米饭很香的
1,小米粥配搭得恰到好处
1,洗发的男孩手法拿捏得恰到好处
0,金枪鱼赤身手握寿司
1,最让人回味无穷的是来之必点的吮指凤爪
1,悦融烤鸭火候恰到好处
0,服务态度非常好
0,离保龙仓很近
0,鱼片味道舒服
0,餐具酒杯好都是相当的赏心悦目
1,是那种很古色古香的装修风格
0,环境装修都不错
1,凉面很美味
0,价钱都几实惠唔会好贵
0,估计酱料加得多
0,看到这家算网红的hey
0,运动运动不错的
0,焦脆感恰到好处抹茶冰淇淋小小一碗
1,咖喱超级棒
1,沙拉酱浇得恰到好处
0,烧麦里面有大颗的虾仁
0,服务的过程令人赏心悦目
0,剪得毛肚很清脆
1,菜的口味在珠海来说是很正宗的江浙菜了
1,一如既往干净好吃的家庭简餐
0,做的都可圈可点
1,鸡肉很下饭
0,辣的舒服烤小排
0,做为最新颖的烧烤方式
1,吸饱汤汁的泡饼很香的
0,位置很容易找
0,口感非常好
0,鸡蛋香肠等辅料恰到好处
0,听说这里的鸡尾酒不错
0,薄底火腿披萨和沙拉忘记拍
0,火的要死的奶茶店
0,土豆泥略甜腻
1,蟹的味道恰到好处
0,夹层的芝士口感不错
0,葱油饼葱花多
1,装修加古色古香
0,很好的一家店
1,猪软骨实打实的好大块
1,普洱茶香苏子鸡相当出乎意料哒一道菜
1,牛肉恰到好处
0,娱乐场里可以免费办红利卡
1,空调温度控制的恰到好处
1,干煸藕丝酥酥的恰到好处
1,酱料配的恰到好处
1,酸甜的番茄与炒饭搭配地恰到好处
0,三文鱼是真心不错
1,辣炒黄蛤很棒啊
1,酸菜鱼味道好
1,粉丝和河粉收汁入味得恰到好处
0,角色扮演不错
0,有酥过的牛肉笋子等
0,总体不错的这道西多士
0,环境很不错
1,意面煮得恰到好处非常到位
0,喜欢血旺的可以点一份旺旺血
0,不错的团购
0,清相册才看到张吃鱼的照片
0,jenny和另外一位男技师忙活一下午
1,摄影老师雪朝技术很棒
0,蒸的恰到好处
0,店里装修还不错
0,披萨要趁热吃
0,地方很好找
0,装修的不错
0,是到新开的侨鑫国际商场的
0,环境非常好
1,牛舌煎烤的恰到好处
1,粉丝火候恰到好处味道很好
1,炸鸡带着恰到好处的辣
1,酱料调配的恰到好处
1,辣椒油恰到好处
1,番茄汁很棒
1,开心酸菜很好吃
1,饼的味道很棒
1,烤羊排烤的恰到好处
0,味道还特别好
0,环境不错很好下次还来
1,芥菜饭煮得是恰到好处
0,恰到好处的饮品
0,生鱼片太厚了
1,小龙虾的味道很入味十分香
1,海鲜都很新鲜
1,卤蛋的卤味咸味恰到好处
0,会有吃牛肉饭的感觉
1,咖喱爸爸的咖喱非常正宗
0,火炙北海道蟹霸寿司
1,最爱猪五花和牛肋眼
0,麻油鸡味道不错
1,装修得很别具一格
1,休闲下酒都是不错的选择
0,蛋糕类都不错
1,美睫价格实惠好看
0,串串店是越来越多了
0,米饭到嘴才有吃完的感觉啊
0,饮料具体名字忘了
1,豌豆尖最爱
1,收到的蛋糕外形很完美
0,朋友做的橘红色很好看
1,儿童区域很温馨
0,养生健康料碗是自助
0,炸鸡味道不错
1,虾超新鲜的
0,酸辣粉不错
1,介于嫩豆腐和老豆腐之间恰到好处
0,甜品不错的
1,酸甜辣恰到好处
1,汤非常鲜美
0,味道一如既往的好
0,味道特别好
1,川菜的特色发挥的淋漓尽致
0,希望朋友推荐的不错
1,捏脚恰到好处
0,菜品质量依然很好
0,深海鲑鱼汤不错
0,离办事处近
1,清江鱼烤得恰到好处
1,鱼饼汤的味道好喝
0,杨枝甘露茶真心不错
0,开到顺达广场这边有半年多了
0,火锅味道不错
1,意面硬度煮的恰到好处
0,按摩感觉不错的
1,大盘鸡很大一份很实在
1,装修的古色古香很喜庆
0,位置很好找服务很好
0,分量很大喔
1,三文鱼好新鲜
0,固定在这家店做头发
0,多吃了块赤眼鱼补补
0,团购很划算
1,网红高逼格重庆餐厅
1,酱料调得恰到好处
0,酸辣黄壳鱼
1,米饭恰到好处
1,溏心蛋的程度恰到好处
0,剪头发的阿徽那相当的和蔼可亲
0,地方很好找
1,可欣赏西溪湿地的憩静恬美
1,店面装修古色古香很有风情
1,辣的超级爽
0,住宿条件开业到现在是旧了些
1,水饺煮的恰到好处
1,面包发的松软度恰到好处
1,冰粉儿的花生芝麻恰到好处
1,大学城很有名的手机店
1,顶牛货真价实有好料
1,推荐黑牛肉和凤尾虾
1,牛五花烤的恰到好处
1,抹茶味恰到好处
0,这家的虾烤的恰到好处
0,回味无穷耶
0,靠乡甜商家很会做生意
1,酒香草头做得恰到好处
0,日式拉面人均
0,服务超级好
0,新开的集盒广场
1,生菜很新鲜很爽脆
1,猪颈肉挺好吃的
1,高大上的伴手礼锦上添花
0,多加了芋头地瓜
1,黑椒牛肉恰到好处
0,蟹肉沙拉不错
0,突然觉得我家附近多了一个后厨房
1,虾饺货真价实虾肉很足
0,服务配套设施很好
0,离火车站近
1,鸡蛋汤配得是恰到好处
0,外层绵密的奶油入口即化
1,鱼片挺新鲜的
1,猪蹄和蟹黄包都极好吃
0,宫保鸡丁不错
1,红糖糍粑煎的软软糯糯恰到好处
1,洗头洗的很仔细
0,龙虾可以多来几份
1,最爱噶牛舌
1,沙拉的味道恰到好处
1,入口时那恰到好处的酱香味和面条的韧劲
0,建议鸭血是鲜鸭血冷锅下锅
0,热巧碰上冰淇淋
0,味道真心不错
0,味道一如既往的好
1,菠萝饭甜甜的饭软硬恰到好处
1,茶香鸡一如既往的好吃
0,装修挺温馨的
1,黑糯米煮的恰到好处
0,人多就要拼桌
1,花菜脆脆调味刚好
0,味道非常不错
1,泡菜火锅很棒
1,鳗鱼烤的恰到好处
0,是一个别墅独栋
0,辣的恰到好处
1,刺身入口很爽口
0,环境真心不错
1,蒜香河虾一如既往的很不错
0,服务态度很好
0,按摩手法很好
1,黄蚬子非常嫩非常鲜非常肥美
1,水果很新鲜
1,装修很古色古香
0,羊排很入味
0,喝着免费的咖啡看着河口湖的落日
0,和蔼可亲的串串好吃
0,虾和蟹不错
0,煲仔饭不错的
0,菜品一如既往的好
1,酱汁把米饭浸透得恰到好处
0,像泰剧男主
1,酱料很入味
1,看上去挺干净烧卖是他家特色皮薄汁多
1,炸豆皮等食材都保持了一致的高水准
0,酸菜鱼不错
0,酱汁调的恰到好处
0,日本每家餐馆的米饭都好好吃
1,炒的牛肉恰到好处
0,处理的很好
0,味道一如既往的好
1,豆角干很完美
1,培根蘑菇饭很浓郁的芝士味
0,梅菜味道恰到好处
1,年糕煮的恰到好处
1,肉蟹煲里面的螃蟹很多很扎实
0,网红书店打个卡
0,鳌虾甜虾肉质紧致
1,神仙鸡非常软烂入味
0,总体设施很不错
0,排队排很久
1,三文鱼一如既往非常新鲜好吃
1,凯撒色拉味道超棒
0,奢华的厦门菜
0,猪蹄味道不错哦
1,牛舌肉质弹性恰到好处
1,烤鱼颜色恰到好处金黄
0,装潢别具一格
1,味道最让人惊艳的当推金枝玉果
0,恰到好处的酱汁
1,芥末味真的恰到好处
0,多了会抢了主角鱼的地位酸辣蕨根粉还不错
1,裹着面包粉的虾肉质很嫩
1,羊排烤的恰到好处
0,离家超级近
0,味道非常好
0,店里的小哥服务态度超好的
1,有空调有娱乐特别开心
1,恰到好处牛油果奶昔推荐
0,不错的一家餐厅
1,极品狮子头特别棒
1,游泳的小池很温馨
1,三文鱼烤的恰到好处
1,拍的照片很美
0,很棒蟹黄豆腐
1,泡饼放在鱼里很入味
0,鱼很新鲜吃口恰到好处
1,芒果糯米糍好好吃吖
0,先生爱吃第二个盒子里的蛋糕
0,有免费的桌球跟电脑
0,金碧辉煌的庙宇同样气势恢宏
0,入口即化口味偏重
0,是一个很舒适的就餐环境晚上六点多来的
1,香肠用的是品质好的香肠
0,换好鞋子进入古色古香的单人间房
1,抹茶和榴莲恰到好处的完美结合
1,黑牛五花粉丝娃娃菜和冷面表现不错
1,虾很嫩很新鲜
1,羊腿和羊排烤的都恰到好处
0,一大杯啤酒
0,豆丁拍照是免费的哟
1,好奇特的南瓜糯米饭
1,新出的海鲜拼盘内容还挺丰盛
1,乳鸽一如既往的好吃入味
0,羊肉串太大个了
1,装修很富丽堂皇
0,服务技术跟老板的好客都是超级赞
0,环境特别的好
0,家常菜可圈可点
0,串串味道还不错
0,菜品真心不错
0,原味骨头汤原汁原味给个赞
0,包厢环境很好
1,茶味恰到好处
1,毛肚很新鲜
1,培根烤的恰到好处
0,算的上有求必应
1,画的好认真好认真
1,咸咸的芝士配一口香甜的茶恰到好处
1,海鲜的选择很新鲜
0,难得的日料店味道食材都不错
1,煲仔饭很香
1,牛肉饭里的温泉蛋恰到好处牛肉鲜甜
0,酸梅汤免费续杯
1,罗宋汤味道很浓郁
0,装修风格是灰薄荷绿
1,清炒虾仁火候恰到好处
0,感觉很不错哦
1,按摩手法非常棒
0,一家专做儿童美术的教育机构
0,氛围跟环境都很好
0,巧克力泡芙偏甜
0,牛百叶不错
1,杀牛场的火锅很美味
0,服务态度达到星级酒店标准
1,牛筋都快入口即化了
1,揉推拿捏力道恰到好处
1,南瓜蛋挞的那层南瓜夹心特别绵密香软
0,让人回味无穷
1,店内装潢挺古色古香的
0,服务态度很好
1,游乐区所有设施都有做软包
0,服务态度很好
0,浆果新鲜好味
1,客栈装修的很古朴别致
1,油醋汁拌的恰到好处
0,让人感觉很不错
0,广州越来越多的日本拉面
1,芥末味恰到好处
1,奶盐放的恰到好处
0,美食太多眼花缭乱
0,店堂装修的还不错
0,自然生意非常好
0,金灿灿的烧鸭一块块整齐排列
0,冰淇凌不错
0,价位很合理
1,酱料恰到好处
1,虾叔出品始终如一的好
0,永丰路上新开的这家店
0,霸道椒麻鱼
0,辣的恰到好处
0,蒸南瓜真的很好吃哦
0,热的菠萝包冰黄油
0,团了双人套餐后为芒果点了土豆丝
0,味道一如既往的好
0,龙虾个头大
1,吃过的西昌烧烤里面最好的了
0,鼓浪屿是座美丽的岛屿
1,豆瓣酱和泡辣椒配得恰到好处
1,亮汁鸡肉挺嫩的
0,看个电影挺方便的
0,味道出乎意料的好
0,中的闺蜜双人同行套餐
0,听说很好吃
1,盆友圈里的网红美盒披萨
1,卤味恰到好处
0,肺片口味始终如一
1,酸奶酸甜度恰到好处
1,招牌干锅牛蛙辣的恰到好处
0,新出的三文鱼卷沙拉可以
1,店面整体很古色古香的茶点楼
1,鳗鱼恰到好处
1,毛肚真心很新鲜
1,虾挺新鲜的
1,小牛肉很嫩
1,去了很细心的给推荐颜色和选择适合的发型
0,服务态度很好
0,有免费wifi免费水果
1,牛肉很巴适
0,位置在富兴国际中心后面
0,用料烤制都恰到好处
0,服务超级好
0,大厅错落有致
1,超大面积的海鲜池各种海鲜应有尽有
0,鲜花饼味道不错
0,加了很多冰都觉得甜
1,空调和衣架的位置恰到好处
1,面条煮得恰到好处
1,红米丝网肠蒸的恰到好处
1,走进内部装修很日式的别具一格
0,商家特别好
1,早教中心的老师都特别亲和
0,有种宾至如归的感觉
0,包菜有点多
1,海洋公园真是太好玩了
1,牛肉烤完很嫩
0,看到这家叫真然的自然体验馆地址
1,凤梨酥服务员态度很好全程微笑服务
1,家庭聚会不错的选择
0,整体来说很不错的
1,配着冒菜吃恰到好处
0,想吃养生一点收藏良久的一家店
1,鸡蛋仔很香
0,小美女做得很不错
0,多辣油榴莲酸奶
1,蛋卷的清香恰到好处
0,环境很舒适大方
0,免费的服装拍照
1,汤包皮薄汁多
0,特喜欢你家民国风和紫裙亲子装
1,牛蛙很入味
1,停车很是方便
1,三文鱼好新鲜口感好好
1,北京的饭店都很有古色古香的意境
1,海鲜很新鲜
1,水果很清新
1,新的装潢很古色古香
1,鱼汤很鲜美
1,牛腩和排骨都挺嫩的
1,环境古色古香很有情调
0,店家人很好
1,店面装修的很古朴
0,恰到好处地中和了抹茶淡淡的涩味
0,炒薯粉味道不错推荐
0,服务态度很好
0,卤肉饭味道不错
0,甜点特别好
1,牛肉粒恰到好处的香浓
0,鱿鱼肉质紧
1,装修很古色古香
1,川菜做的都挺正宗的
1,生蚝和海胆很新鲜
0,煎的火候恰到好处
0,海南鸡饭用免费的纸盒和塑料袋打包了
1,瑜伽老师很细心
1,装修的古色古香很有意境
0,环境不错面对玄武湖
0,奇异果奶昔不错
0,新开的影楼
0,鱼味道不错
1,牛油果熟得真是恰到好处
0,人和蔼可亲
0,人吃得津津有味噢
1,米凉粉煮起连吃好几块
1,停车场超大
1,黄喉和毛肚都很脆
0,烤串师傅不错
1,肉食者最爱
1,果汁榨得恰到好处
1,沙拉酱恰到好处的中和了辣味
0,服务态度很好
0,确认之后很久才给上来
0,饮品咖啡茶类选择多
1,据说京城最好吃的汉堡
0,味道一如既往的好
1,虾肉非常饱满
1,装修低调奢华服务
1,肺头和大肠处理的都很干净
0,听装饮料随便喝的
0,来鼓浪屿用餐不错的选择
0,配着酸甜的酱料
0,吃起来很好吃
0,味道很不错
0,菜品量很大
0,拌饭味道不错
1,鸡肉做的恰到好处
1,月嫂做的饭好吃漂亮
0,服务特别好
0,餐厅环境不错
1,肉夹馍和米皮很地道
0,有单纯一种口味的盒装蛋糕
0,烤得恰到好处拌饭
1,一如既往的好服务加上一流的摄影技术
0,要的黑蒜子牛肉
1,装修挺清爽的
1,鸡蛋蒸的恰到好处
1,坐在餐厅里用餐格外赏心悦目
1,奶油搭配着芝士恰到好处
0,团购很划算
0,缅因活龙虾不错
1,咖喱粉味道非常纯正
1,店里装潢很古色古香
0,炒得恰到好处
1,汤鲜味美面条鲜
0,夏天吃很凉快的
1,环境很有重庆古色古香的特色
0,进到谷里好玩
0,实实在在的
1,最爱空心面
1,干隆白菜第一口吃味道真好
1,工作室环境很不错一应俱全
1,口感冰凉夹带着草莓特有的甜度与清香
1,蛋糕味道恰到好处
0,鱼生的熟成恰到好处
1,微辣的酸菜恰到好处
1,豆花非常嫩
1,团购很合算
1,豆角火候恰到好处
1,黑胡椒的味道恰到好处
0,位置很好找
0,人气一如既往的旺
0,阿峰师傅很健谈
1,黑糖冬瓜茶很清爽解腻
0,京酱肉丝不错
1,酸奶里的炒米恰到好处
1,铁板上的牛肉的味道很嫩
1,配米饭恰到好处
1,抹茶千层口感很棒
1,牛肉真的很嫩
1,瑜伽教练很专业很认真
0,一大坨五成熟的牛肉
0,性价比较高的小店
1,最爱的神仙肥牛和嫩牛肉
1,琅琊土豆好惊喜
0,令人回味无穷
1,出站换地铁挺方便的
0,环境很不错
1,配的薯条金黄得恰到好处
1,哈尔滨最爱去的超市哦
0,装修风格简单
0,口味一如既往的好
1,同行的老外都赞意大利面条很正宗
1,手撕鸭越吃越有味
0,听说芝士鸡蛋仔和丝袜奶茶不错
0,前台的服务很好的
0,港式点心不错
0,肥牛口感不错
0,意面浓汤不错
0,小吃凉糕和芸豆卷都不错
1,排骨的浓郁好喝
0,跟着导航位置还算容易找
1,面条的质感恰到好处
0,抢到了代金券想着刚开业人多
1,砂锅味道很美味
0,烤肉算不错的
1,施工的葛师傅很细心
1,法棍烤的恰到好处
0,住客房免费泡温泉
1,配红豆或者布丁都恰到好处
0,民国风展现的淋漓尽致
1,传说中北京最好吃的锅贴店
1,装修的特别富丽堂皇
1,赵律师很耐心的分析案情
0,老外婆的恒一海曙店在恒一广场四楼
1,啤酒鸭的辣做得恰到好处
1,煲仔饭好好味吖
1,装修都是崭新的
1,觉得咖喱味道很棒
1,静静坐着听听音乐才是最开心的来
1,黄喉特别推荐调料很多选的眼花缭乱的
0,口味虾刚刚的恰到好处
0,主厨和蔼可亲
0,晖哥喜欢吃重口味辣的
0,服务态度都很好
1,店内的装修风格很是新颖特别
0,保持了菜品的原汁原味
0,蛋炒饭是个小插曲
0,汤不错白白的
0,小姑娘服务态度非常好
0,一进门一面照片墙很显眼
1,披萨烤的恰到好处
1,烤羊排恰到好处
0,态度非常好
1,高飞老师超级棒
1,拿手鱼真的好好吃
1,柠檬茶甜度恰到好处
0,奶昔的口感非常好
1,培根烤得恰到好处
0,进门电梯口装饰很好
1,咖喱和粉搭配味道很独特
0,分层做得很好
0,一进门鱼都能看得见
0,导航去很方便
0,古塔与西安大雁塔相似
1,章鱼和少许芥末让口感恰到好处
0,汤团子来到优艺思学堂四个月了
1,蒸鱼恰到好处
0,价格很便宜
0,让人有种流连忘返
1,一楼的书吧特别棒
1,裹烧饼吃或者蘸豆浆吃都好棒
0,菜品拍照真心不错
1,酱料恰到好处
1,牛肉恰到好处
1,石斑鱼蒸到恰到好处
1,虾的肉质很嫩
0,一些宽粉条
0,私密性很好
0,是原汁原味
0,是一个很好的去处
1,梅干菜饼吃得很仔细
0,好在服务环境菜品都可圈可点
0,服务态度很好
0,快吃完的时候店里开始上客了
1,鱿鱼和虾的水份控制得恰到好处
1,香辣鸡腿堡非常好吃
1,黄河虾与葱花鸡蛋挺好吃
1,装修很有品味
1,装修很古色古香
1,抹茶拿铁味道恰到好处
1,音乐恰到好处
1,配饰搭配恰到好处
0,偏辣的冬阴功汤味
0,修图技术很好
1,牛仔骨的嫩度恰到好处
0,按摩时间短
0,热热闹闹的
0,味道真的好吃极了
1,日料很地道
0,环境很不错
0,装修的确简单
0,地址非常好找
0,服务态度很好
0,乳鸽味道不错
1,香肠口感和味道都恰到好处
0,八宝扒鸭最好打电话去约
0,前些日子姑苏网举办了网红大赛
1,最爱芸豆卷和炸糕
1,牛肉丸很爽
0,朋友搜美食时发现这家店评论很不错
1,鸡翅棒棒很嫩很香
1,螃蟹很新鲜
1,团购下单很实惠
0,团购相当合算
1,牛油果的熟度恰到好处
0,新老爆三是虾仁猪肉片和鸡肉片
0,感觉安静的来画一下午画真的很享受
1,延安校区的冯老师特别和蔼可亲
0,去二楼只剩下很挤的角落两张台
1,酸奶口感细滑
1,团购套餐挺划算
1,按摩起来真的是太舒服啦
0,随便询问了几款商品的价位
0,照片拍的不错
1,牛舌恰到好处
0,服务态度特别好
0,喝酒静待汤滚
1,人多聚会挺合适的
1,匠和风的服务态度实在好
1,套餐菜品都非常精致
0,免费的食物和饮料
1,猪排外酥里嫩真的很好吃
0,口味很不错
0,碳烤牛舌和日豆腐不错
0,肥牛味道不错
0,简单的家具
0,用效果非常好
0,羊排和烤羊腿的味道都不错
1,海鲜很新鲜
1,蒜泥白肉很爽口
1,芋头一如既往超软糯
0,鸡肉串不错
1,加了生菜金针菇挺好吃的
1,石溪这边算最好的酒楼
1,口味一如既往最爱鱼头了
1,最爱部队火锅
1,番茄酱恰到好处
1,牛舌尤其的嫩
0,法式鹅汁土豆味道不错
0,总体聚会吃吃不错
1,天冷吃这一锅会很爽
1,土豆很入味
1,甜品是栗子蛋糕性价比较高
1,鸭腿处理的恰到好处
0,芥末恰到好处
1,江师傅服务非常棒
0,明显是很缺水的
1,午市套餐很划算
1,最爱菠萝油
1,好温柔的赶脚店里咖啡很便宜
1,三文鱼很新鲜
1,店里的纹身师非常平易近人
0,味道一如既往的好
0,茂盛的树木给人感觉心旷神怡
1,送蛋糕的小哥彬彬有礼
1,清洁的很干净
1,咖喱味恰到好处
1,徽菜确实做起来口味很好吃
1,清河坊古色古香很有特色
0,味道一如既往的好
0,味道一如既往地好吃
1,麻薯最好吃
1,粉丝超级入味
1,土豆和胡萝卜丁搭配的量恰到好处
1,卫生间和浴室设计的恰到好处
1,干锅鸭头非常软烂入味
0,甜味的很好吃很喜欢
1,秋刀鱼烤得算恰到好处
0,兑换优惠券超快的
1,酱香的涂料味道恰到好处
1,灯光与装饰格调恰到好处
1,做美甲的美妹很和蔼可亲
0,感谢繁花巷的网红套餐
0,装修的不错
1,鳗鱼饭挺好吃的
0,配酱料挺好吃的
1,撒上去的酱油恰到好处的缓解了鸡蛋的腥味
1,茶和奶的搭配恰到好处
0,菜总体很不错
0,做的东西实实在在
1,装修古色古香的很好看很气派
1,淋的酱料恰到好处
0,总体评价很好
0,算是凉皮类中较贵的了
0,能否接受上来的小龙虾面卖相不错
0,总体非常实惠的
0,加入了玉米和一切其他提鲜的材料
0,铁签子的羊肉串不错
1,菜式都是地道的台山特式菜
0,天妇罗本身挺好吃
0,喝起来味道非常甜
1,恰到好处的音乐氛围
1,米饭里的胡萝卜和咸菜条蒸的恰到好处
1,号称是北京最正宗的德宏餐厅
1,咖喱味道很正
1,虾饺饱满好吃没毛病
1,招牌肉串个人感觉最好吃
0,餐具很别致
1,鳗鱼饭酱汁恰到好处
1,菲力牛排恰到好处
0,占地面积很大
0,配套的餐具质量不错
1,汤汁很下饭
1,牛肉格外的嫩
0,环境真心不错
0,重新装修过
1,绵绵冰恰到好处
0,咖啡味道不错
0,海鲜品种多
1,意面煮的恰到好处
0,辣中体现不错的食物原味冰粉
1,龙虾蒸的火候恰到好处
0,咸蛋黄恰到好处的在当中
1,虾炝的恰到好处
0,店内装修简单
1,蟹肉茶碗蒸蒸得恰到好处
1,鸡丝米线酸酸甜甜一如既往开胃好吃
1,冰激凌一如既往的甜蜜好吃
0,卖家态度很好
1,辣油的量恰到好处
1,是目前吃过的最好吃的虾饺啦
1,汤汁味道浓稠
0,火焰牛排要点七成熟的
0,鸡翅味道不错
0,店里空间很大
1,环境好阿姨和蔼可亲
1,牛肉都很棒
0,咸淡恰到好处
0,蔬菜出乎意料的好吃
0,能在机场里吃到这种饭实在是很不错了
1,水果的清香配上茶包刚刚好
1,配上泰式甜辣酱恰到好处
0,栗子蛋糕不错
1,找到了这家奥城评价最好的店
0,宫保鸡丁等等都不错
1,油炸的恰到好处
0,拍摄的效果出乎意料的好
0,总体来说很不错的一次体验
0,号称是川沙不错的火锅店
0,一家不错的口腔诊所
1,汤麻辣的恰到好处
0,态度和蔼可亲
1,鲜牛肉和鲜羊肉推荐
0,半颗恰到好处的温泉蛋
0,重新装修再次开业
0,小吃不错哒
1,琴行的老师都好平易近人
0,锅贴卖相不错
1,太平湖的鱼很鲜很嫩
1,烧烤很入味
1,牛肉煎的火候恰到好处
0,寿司味道不错
1,咖喱味恰到好处啊
1,鳗鱼烤得恰到好处
1,像日料师傅片刺身一样严谨地对待牛肉
0,口感和味道一如既往地好
1,酸菜鱼很嫩很滑
1,香辣蟹很不错哦
0,团的是艾灸项目
1,文昌鸡很嫩
0,服务超级好哦
1,最爱的烤肉
0,烧烤味道不错
1,孩子在这里理发特别开心
0,朋友在网上团了这家的蛋挞
0,装修和杭州大厦店类似
1,化妆很细致
0,牛板筋羊肉串个人来说逊色一点
0,连上菜小哥古装出行
1,汤汁和烹饪的火候都恰到好处
0,三文鱼依旧不错的
1,面茶超级香
0,天气适宜的时候坐在户外那真是享受至极
0,古色古香很有中国风潮汕火锅很好吃
0,美容是个美丽的事业
1,鳗鱼烤的恰到好处软软糯糯
1,牛腩筋道弹牙的恰到好处
1,沙拉和芥末味恰到好处
0,注重原汁原味
0,期待己久的凤凰古城终于有时间过来了
1,每样海鲜都很新鲜活蹦乱跳的
1,装修很正统
0,帮忙烤肉的小哥给换了新的
0,迪拜塔毕竟是世界第一高
0,总体来说一家不错的餐厅
1,三文鱼烤得恰到好处
1,抹茶味道很浓郁
1,味道非常地道的意式披萨
0,感觉很不错
1,肉丝和笋丝的量点缀的恰到好处
0,整体很不错
1,店里装修的很明亮
1,适合午后休闲聊天的好地方
0,鱼头不错是真真的
0,肥牛对的起那个肥字了
0,芹菜味恰到好处
1,肉骨恰到好处的调味
0,石锅拌饭不错
0,据说是最大的一家
1,粉的软硬恰到好处
0,猪油拌粉味道不错
0,菜一如既往的好吃
0,人非常不错
1,虾真心是不错
0,候车厅很大
0,周边商场多
1,芥末恰到好处的辣配上虾的鲜
1,宽粉煮的恰到好处
1,外焦里嫩的土豆片调味恰到好处
0,上座率很高
0,甜味恰到好处
1,炖蛋嫩海参口感很好真是货真价实
1,是家庭聚餐和朋友聚会的不错选择
0,团的中式套餐
1,重庆味道很地道
0,国家认可的资质很重要
0,蔬菜沙拉很新鲜
1,蒜香河虾一如既往得好吃
0,蛋包饭味道还不错
0,微辣的泡菜味
1,装修别具一格有特色
1,最爱南瓜羹
1,没想到他家的油泼面真的正宗好吃
0,味道一如既往的好吃
1,炝虎尾阳春面全家福很地道
1,牛筋和牛肚酥烂
1,商品琳琅满目很新鲜
1,蘑菇和鸡肉丁搭配的恰到好处
0,签字免费停车
0,店里环境很好
1,吃过最好吃的湘菜
0,闲暇找了这家hz潮人店理发
1,配着茶恰到好处
1,鱼香虾球里面用料很实在
1,海鲜都很新鲜
0,期待一如既往的好味道
0,个人很喜欢这种淡雅的色调
1,最爱的是象牙拔海鲜汤
0,服务有求必应
1,螃蟹挺新鲜的
1,番茄牛膝锅的牛骨软烂
0,蛋挞与牛角包店内食用可以免费加热
1,萝卜恰到好处地美味可口
1,每样甜品都做得超可爱精致
0,环境很优美
1,奶酪恰到好处的量
1,烤鸡肉恰到好处
1,抹茶的味道恰到好处
1,芝士的香味和口感恰到好处
1,带子和生蚝依旧很棒
1,小桑老师化妆很耐心
1,巧克力和咖啡粉的结合恰到好处
1,酱料很齐全
0,精彩点是那个纸火锅
1,辣椒的量醋的量都恰到好处
1,芒果糯米卷吃起来很清爽
0,图书大厦算是庄里数一数二的书店了
1,套餐很划算
0,菜品一如既往的好吃
1,芝麻酱一如既往的稠菜品很新鲜
0,现有很大改善
0,客户主管付中俊服务特别好
0,低调地来了无锡开起了店
0,服务态度非常好
1,牛蛙烧得很嫩
0,团购的套餐非常划算
1,蟹钳很饱满
1,虾仁和鱿鱼煮的恰到好处
1,香草冰淇淋上的薄荷叶恰到好处
0,进店才知道他家海鲜很新鲜
0,粢饭团里面有一根长头发
1,牛蛙很入味恰到好处
1,石锅鱼挺好吃的
1,最爱奶酪沙拉
1,烤羊排火候恰到好处
0,味道都很不错
0,厚打芒果拿破仑
1,火锅的口味调配的恰到好处
1,用餐环境十分用心装饰
1,披萨烤得恰到好处
0,空调洗浴床品网路还不错
0,金钱肚不错
0,xo酱偏甜
0,味道一如既往的好
1,吃过的串串店里最好吃的糍粑了
1,酸辣粉最爱
0,位置拱秀路上的新桥的巷子里面的
0,免费菜霸王酥皮叉烧包必须消费才能兑换
1,很嫩牛肉特有的香味
1,烤羊棒一如既往的好吃
0,椰奶味儿及浓
1,午市套餐相当划算
1,白斩鸡烫的恰到好处
1,招牌熏羊尾尖口味很正
1,看上去非常诱人的香肠
0,鳗鱼虾卷寿司还不错
1,烤肉恰到好处
1,荤素搭配得恰到好处
0,按摩途中还会一直确认轻重
0,团购真的不错
1,粉皮真的巨薄
1,水煮巴沙鱼味道很独特
0,没想到相当的物超所值
1,装修古色古香很有淮扬江南特色
1,花螺很入味
0,能吃到最原始的味道
1,米汤是最好的饮料
1,抹茶粉恰到好处
0,干锅海鲜酱有机花菜很好吃
1,辣椒放的恰到好处
1,三杯鸡挺好吃
1,牛肉汤好好喝
1,试婚纱感受很棒
1,芝士味儿很浓郁
1,爱吃海鲜的可以来他家
1,猪肚很爽脆
1,相得益彰生牛肉口感很柔嫩
1,刺身一如既往的新鲜好吃
0,鸭下巴裹的粉稍厚了点
1,蟹脚面确实很棒
0,拌饭下面的饭锅巴恰到好处
0,门市经理小雪态度很好
0,土豆泥还不错
1,面条是恰到好处的q弹
1,是两江四湖中建筑最别具一格的一段湖面
0,刚进大妙门
1,虾都是活蹦乱跳的很新鲜
1,生煎包好大一个很香
0,制作凉皮是个中年男子态度很棒有求必应
1,牛舌烤的恰到好处
0,味道是很不错的
1,饮料很清爽
1,开洋拌馄饨真的是最爱
0,草莓汁偏酸
1,鸡肉炖的恰到好处
1,芝士恰到好处
0,价格真心便宜
0,量给足的这一点非常好
0,位置很好找
0,格局整整齐齐的
0,纳西烤肉看着肥腻
0,生意真的是好
1,年糕恰到好处
1,鹅肝烤得很嫩
1,蟹棒寿司一如既往的好吃
0,虾球和油条感觉点重了
0,芥末味恰到好处
1,猪脆骨和牛蛙最好吃
1,鳗鱼烤的恰到好处
0,估计是附近很不错的家常菜馆
1,咖喱牛腩的咖喱味恰到好处
0,价格很实惠
1,味道很正宗的韩式烤肉味道
1,古色古香的装修挺喜欢的
1,生蚝肥硕味美
1,寿司饭的酸味恰到好处
0,芒果芝士一绝
1,辣的恰到好处
1,医院特别干净
1,温泉蛋的火候恰到好处
0,团购好划算
1,沙拉酱放得恰到好处
0,要知道新生儿是非常娇弱的
0,装修低调奢华
0,态度非常好
1,鸡爪烧的恰到好处
1,芝士刚刚恰到好处
0,眼神已经很迷离了
1,芒果汁很新鲜
1,鱼头汤非常美味
1,感觉上这个餐馆非常独特
0,美容蹄一如既往的好吃啊
1,蒜泥调味恰到好处
0,鸳鸯锅味道不错
0,快靠近同安城墙那
0,店内有定食套餐
0,加上自己爱吃火锅
0,套餐价很优惠的
0,装修的还不错
1,装修风格很古色古香
0,送的南瓜汤不错
1,拍照风格非常别具一格
1,发型修剪得恰到好处
0,传说很好吃的样子
0,芋圆口感不错
1,味道恰到好处三文鱼味增汤很鲜
1,生蚝都很新鲜
1,馅饼真好吃呀
1,牛肉挺新鲜的
1,甜皮鸭的制作工艺流程恰到好处
1,土豆沙拉一如既往的最爱
0,卤肉味道不错
1,冒鸭血很嫩
1,海鲜都很新鲜
1,毛豆煮的恰到好处
0,点心品种多
1,环境很古色古香的一家砂锅粥
0,最爱的番茄锅
0,菜品味道都很好
1,面包烤得恰到好处
0,难得商场里这种汤包馆
0,颜色很好看
0,完爆国内所有自助
1,红红火火的装饰让人感觉很喜庆
1,猪蹄酸酸甜甜的挺好吃
1,购物挺方便的
1,番茄酱放的恰到好处
0,沟通理解能力特别强
0,厚切生鱼片
0,咖啡做的不错
1,按摩的轻重恰到好处
0,会要上一大盆水果
0,辣椒只用枣庄薄皮辣椒
0,牛骨汤底膻味控制的不错
1,化妆很细致到位
0,开始吃感觉味道很不错
0,兰芳美容师态度不错
1,虾球十分嫩
0,效果出乎意料的好
0,味道好环境好
1,蛋糕嫩嫩的很好吃
1,亚麻籽吃起来很有嚼劲很香
0,感觉他家点心用料不错的
0,结果是很实的
1,肉松小贝里面的酱料恰到好处
1,装修特别唯美
0,位置很好找
1,引导师cici服务超棒
0,算是中山公园附近性价比较高的小吃店
0,希望斐霓丝的美好一如既往
0,火候恰到好处
0,服务人员态度很好
1,干锅肥肠糯糯的很香
1,房间是两室一厅很方便
0,新开的店铺装修不错
1,羊肉串烤的恰到好处
1,位置明显好找非常正宗的川菜
0,免费提供的小菜味道很好
1,鸭肠一如既往的最爱
1,粉恰到好处
1,油炸时间恰到好处
1,外卖包装的很精致
0,类似龙抄手
1,琳琅满目的商品非常的齐全
0,芝麻酱浓稠
0,搬家后离得远了
1,装修风格独特
1,锦衣寿司里的三文鱼煎得恰到好处
0,口味一如既往地好
1,装修风格很清新
1,配米饭的确很下饭
0,吃完回味无穷
1,物美价廉团购优惠
0,鱼处理地非常干净
1,云南特产的新鲜牛肝菌和米粒裹在一起
1,店的装修很古色古香
1,生鲜的刺身被切厚度的恰到好处
1,鱿鱼和蟹棒很好吃
1,肉桂卷好浓郁的肉桂味
1,装修风格古色古香江南风韵中午生意爆好
1,甜虾特别的新鲜
0,年糕的味道和口感都不错
1,天妇罗火候恰到好处
0,回味无穷的那种
1,茶味挺清香的
1,辣椒配得恰到好处开胃香
1,清汤锅很棒
0,旺池吃好了干干净净的感觉
0,味道很不错呢
0,目测会成为北锣鼓巷的新晋网红店
0,上海老师推荐的性价比高的日料放题店
1,米饭颗粒分明的很香的
0,土豆和豆角软烂
1,相得益彰最爱串串之一啦
1,羊肉串烤的恰到好处
0,包含很大分量的风爪
1,白色的桌椅周围有数量恰到好处的绿植
0,vshow的音响效果不错的
0,位于惠州市江北片区中心位置
1,鸡排品种多味道好
1,工作日套餐非常划算
1,餐厅环境非常的舒适
1,蘑菇和培根搭配的恰到好处
1,北京最好吃的涮肉
0,软煎大马哈鱼
1,配上一碟五香豆和一个冰心蛋很不错的
0,神奇药水味道很赞
1,蓝莓酱恰到好处
0,宝贝的照片果断在这边订了
0,店铺装修很简约
0,照片拍出来效果还不错哦
1,蛋糕芝士恰到好处
0,可环境和服务都很好
1,烤串应有尽有特别的棒
0,环境特别好
1,白桃乌龙茶很香
0,环境真的挺好
0,服务态度超级好
1,剪发过程很耐心
1,香肠和薯角都好好吃
1,意粉番茄汁的搭配恰到好处
1,耗儿鱼好好吃
0,肩颈一直很酸痛
0,陪同的大人免费检查了牙齿
0,态度和蔼可亲
1,大虾很新鲜
1,来逛河坊街街和逛西湖住这里很合适
0,店里装修不错
1,沙拉酱搭配的恰到好处
1,鳗鱼烤的恰到好处
0,吃的很淡雅的味道
0,吃的着急忘了拍照了
0,地方呢很好找
1,食品丰富物美价廉服务良好还想再来
0,搜到绿地缤纷城这里有家不错的冰淇淋店
1,鱼头很干净
0,上菜速度非常快
1,一如既往的好吃三文鱼很新鲜
0,咖喱鸡味道不错
1,咸柠七恰到好处
1,最爱的是他家的河内熟牛肉汤河粉
0,味道一如既往的好
1,鱼是最好吃的喔
0,味道一如既往的好吃
0,泰熙家分店越来越多
1,装修很用心古色古香的
0,服务特别好
0,味道很不错
1,出乎意料的是牛肉很鲜嫩
1,减肥有很多实打实的好效果
0,菜品都可圈可点
0,选择韩孕社是因为在微博上看到的
1,肉夹馍感觉挺正宗的
0,洗完涂护发素的时间按摩几分钟才冲净
1,烧烤里熟筋最好吃
1,豆腐鲫鱼很嫩
0,剪的超级好
1,装修的挺富丽堂皇的
0,味道一如既往的好
1,主打海鲜都很新鲜
1,羊排烤得恰到好处
0,醉蟹是熟蟹做的
1,肉夹馍的馍很脆
1,蛋糕的甜度恰到好处
1,素菜大包很实惠确实出乎意料
1,红豆沙很细
1,蘸沙茶酱很棒的
1,牛肉恰到好处
1,brunch牛肉煎的还挺嫩
1,干酪鱼一如既往是最爱的
0,拌上调味酱恰到好处
1,蛋糕很新鲜很好吃
1,虾尾个头大
0,面条有点细
1,鳕鱼煎得恰到好处
1,店面装修是自己很喜欢的简约风
0,整体装修还不错
0,前台态度很好
0,海鲜量不错
0,吞拿鱼处理的不错
0,五道口这地方公交发达
0,要切开拔牙
0,红糖糍粑还不错的
1,周边购物就餐娱乐休闲超级方便
0,做彩超的老师人非常好
0,味道一如既往的好
1,糖醋鱼的汤调得恰到好处
1,医院很干净
1,据说很地道的北京菜
0,团购双人锅还挺合适的
1,鸭肠脆的恰到好处
1,香港朋友推荐来的环境很好
1,上门取送很方便
1,鹅肝恰到好处
0,类似于自助餐
1,鳕鱼养生狮子头个头很大味道鲜
0,轻音乐非常不错
0,口味一如既往好
1,咖喱处理的恰到好处可以把饭全部吃完
0,炭味会消失得无影无踪
0,章鱼小丸子味道不错
1,配的土豆泥和酸菜恰到好处
0,抹茶一直是最爱
1,烤好的烤肉包好生菜蘸一下吃起来回味无穷
1,福州仅此一家种类这么多的甜甜圈店
0,地方很好找
1,煲仔饭是最爱
1,排骨腌制得恰到好处
0,停车住宿不错
0,拿破仑中间的酥皮层略厚
0,倩倩珍珍做的指甲
1,护理完后很清爽
1,四季豆煸的恰到好处
1,虾仁的汁水丰富
0,典型的美式餐厅
1,酸辣汤粘稠度掌握的恰到好处
1,青咖喱鱼片很嫩
0,喜欢吃烧烤再来一份冷面清清口
0,调料很多样
0,性价比比较高的海鲜自助
0,牛腩焖的还不错
0,有辣有唔辣嘅
0,原材料货真价实
0,味道一如既往地好吃
1,三文鱼非常嫩
1,蒜蓉蒸鲍鱼火候恰到好处
1,鸡排煎得恰到好处
1,医院内十分安静井然有序
0,广佛线季华站季华四路创意产业园
0,要了个杂伴鱼
0,看起来开了很久了
0,薯条味道不错
0,芝士蟹球不错
1,汽锅鸡汤很鲜美
0,寿喜锅那个味道咸中带着微甜
0,独爱焦糖玛奇朵
0,服务态度很好
1,平锅串串很够味
0,结账等服务员态度真的很好
1,招牌的冰淇淋口感和味道都很棒
0,结果出乎意料的好
0,排骨乳猪白切鱿鱼酸菜肥肠
0,化的速度非常快
0,味道真心不错
0,来这儿嗦碗粉不错的选择
0,三文鱼随便吃
1,鸡蛋口感恰到好处
0,米饭是新米
1,装修挺别具一格的
0,西红柿炒蛋不错
0,草莓拿破仑真心不错
1,羊肉串烤得恰到好处
0,真有的异乡的感觉份量都实实在在的
0,装修的挺清新
1,香香鸡一如既往很好吃
1,夫妻肺片做的挺高级
1,米饭很香糯配上卤肉汁回味无穷啊
0,团购特别合算
0,饭菜做的很好
1,溏心蛋做得恰到好处
0,河内熟牛肉汤河粉
1,酱汁把肥牛的味道衬托的恰到好处
0,店里面有免费的腌萝卜和锅巴
0,舒服的喝热巧克力
1,剪头发的过程中很细心
0,服务态度很好
0,东西的确不错
0,环境很不错
0,酣畅淋漓的精髓
1,嫩牛肉非常的嫩
1,点心很精致
1,老板在汤底这块做的很货真价实
1,多春鱼烤的恰到好处
0,肯定多照几张照片再走
1,蟹粉狮子头个头真大
1,仪器按摩腰腹力道恰到好处
0,味道真心不错
1,清甜的西瓜有好多块呀
0,鱿鱼很好吃哦
0,摆件错落有致
0,海参捞饭随便吃的
1,牛肉货真价实很新鲜
0,总体很不错的
1,虾菇一如既往最好吃
1,大虾鲜嫩好吃
1,实在是一家很棒的鲁菜
1,臭豆腐外焦里嫩口感和味道都很棒
1,毛肚百叶烫得恰到好处
1,炸鸡一如既往的酥脆好吃
0,记得田鸡小时吃的多
0,近桂花路的水库里面
0,外皮类似锅贴
0,有免费小吃点心
1,装修很出色
0,听旅店老板强烈推荐这家性价比很高
0,免费饮料提供
1,羊肉串烤的火候恰到好处
1,切片涮火锅三秒恰到好处
0,生蚝要蹭热吃
1,货真价实好蛋糕
1,送的空心菜和例汤出乎意料的味道好
0,一鸣的叉烧包味道还不错
0,辣的恰到好处
0,甜品味道不错
0,房间环境很好
0,团购的菜六个人吃都富裕
1,装修的很清新
0,会有求必应
1,韭菜很嫩很新鲜
1,蒸出来的火候恰到好处
1,鸡翅够大够肥
0,环境很不错
1,清痘很细致
0,红丝绒蛋糕不错
1,牛腩卤的很香
0,一家三口都是超级爱吃的
1,猪蹄烧的酥软保持了q弹
0,酸奶稠稠的
0,颜色很饱和
1,凤爪辣味恰到好处
0,金针菇出乎意料的好吃
1,装修古色古香挺美的
0,辣炒羊蝎子真是让人回味无穷呢
0,价格非常便宜
0,咖喱虾蟹微甜
1,龙虾肉挺嫩
0,肠粉无功无过
1,龙虾个头超大
1,青柠脆皮鸡和冷面一如既往的好吃
1,店面装修非常干净舒服
0,希望店家多推出些套餐供选择啊
1,服务很用心烤肉的品质一如既往的好
0,果断约了体验课
1,质量服务环境卫生都很好浴缸很干净
1,牛奶锅确实是货真价实的好牛奶
0,菜品很不错
0,免费酸梅汤
0,效果特别得好
0,有美丽的妹子帮忙烤肉
0,选片环节超级头疼超级纠结
1,脱毛速度出奇的快
1,过油肉醋点的恰到好处
0,选片师逻辑很清楚
0,餐具定期换赏心悦目
0,美容前会有详细的讲解过程
0,环境很不错
0,是恰到好处的风度泳池很赞
0,简单一点盐和孜然
0,铁板烧自助不错
0,密室很好玩
0,看事情很准
1,猪肝火候恰到好处
1,水果很新鲜品种多
0,团购很优惠
0,青岛路新开的大碗面
1,装修很古色古香
1,超凡的设计出色的工艺以及优质的素材
1,最爱鸭头了
0,去吃别家店的披萨喜欢点水果味的
1,装修大气漂亮有特色
1,牛肉真的是超嫩
0,新开的商场
0,温泉池不错
0,姜撞奶看似简单
0,团了个大师推拿
1,鳗鱼烤的恰到好处
0,招牌鱼粉吃着不错的额
1,感觉是福州最好吃的椰子鸡了
0,杭州的共享单车多
1,交通非常方便门口有高架和地铁站
0,店的地理位置很好找
1,女生工作了一天很累很适合来做做按摩呀
0,店里的美女态度一如既往的好
1,女人最爱的各种化妆护肤牌子应有尽有
1,蛋羹火候恰到好处
0,蒸虾的调料不错
1,咖喱牛肉饭和鸡扒焗饭都是不错的选择
1,萌记的烤鸭在三亚数一数二的好味道哦
1,招牌的肉串很嫩
1,水果本身的香气和恰到好处柔滑的口感
0,吃得出是放了很久的
0,态度非常好
1,辣度恰到好处
0,整体感觉不错的一家书店
1,母蟹的黄很多很结实
1,音乐恰到好处
0,点评上分数非常高
1,鸡爪很入味
1,传统火锅的店面很干净
0,环境很不错呢
0,快赶上七秒鱼的鱼片了
1,恰到好处的芝士味
0,果断预约给娃拍证件照
1,料足酥皮恰到好处
1,重要的是抹茶的口味恰到好处
0,水果南瓜子爆米花免费供应
1,抹茶味淡淡的恰到好处
0,希望以后每次来都始终如一
0,鲜花饼是热的
1,传说中深圳最好吃的鳗鱼饭
0,冒火锅粉和鸭血的味道都不错
1,辣的恰到好处总体来说是很好吃的一家面店
0,装修环境不错
0,总体感觉这家餐厅不错
1,锅盔特别酥脆
1,花甲面挺好吃的
1,黑糖糕黑糖味很浓郁
1,店里古色古香的装修风格和这古街很搭
1,洗头剪发都挺熟练
0,眼镜店老板人特别好
0,酸菜鱼不错
1,糯米鸡是出乎意料的好吃
0,服务态度很好
0,虾饺五小宝口感还不错
0,重点在奶酪
0,人一如既往地多
0,鳗鱼是厚烧
1,有个调好的酱油很适合蘸海鲜吃
0,鳗鱼和扇贝都不错
1,牛蛙很新鲜
1,配的芝麻酱很优秀
0,饮料不错可以的
0,近南坪西路
1,装修风格很时尚味道
1,吃起特色的蟹黄包让人回味无穷
1,最爱他家的小牛饭
0,广场免费停车四小时
1,意面煮的火候恰到好处
0,蛋糕松软有点q
0,调料很不错
0,环境非常好
1,装饰的很古色古香
0,手法力度恰到好处
0,睫毛了做的超级棒
1,烤出来很好吃调味牛肉很嫩
1,烤鸭包最爱
0,味道真心不错
1,土豆很入味
0,吃了必吃的老虎虾
0,天下第一鸡剪彩很有趣
1,餐厅装潢非常古色古香
0,不错的猪蹄
0,萝卜吧个人感觉有点多
1,八爪鱼很惊艳
1,掌中宝火烤得恰到好处
0,爱吃荤食的朋友很推荐这道菜做的很不错
0,盖饭沙拉的味道都偏甜
1,霸王鸡腿饭真的很豪华
0,看着瘦力道很足
0,菜品一如既往的好
0,吃了回味无穷
1,辣的恰到好处
1,瓦罐牛肉是吃到分量最多的
0,小朋友很开心
0,口味分微辣中辣和撇辣
0,大厨和蔼可亲
0,去灵山大佛顺路吃的
0,难得跑到新天地这边来
1,整体的装修和环境非常的古色古香
0,生意一直很好
1,最爱的牛肉和胸口
1,面条煮的恰到好处
0,店内装修看着挺干净利落的
1,按摩技师特别专业按完整个人都轻松了
1,新鲜的豆腐皮配上调好的蘸料相得益彰
1,装修的很有趣
0,咬下去口感很好
1,装修很温馨
1,龙虾很干净
0,爱吃椰子的来沙巴
0,店内很整洁
0,龙头路的海鲜不错
1,猪肋排烤的恰到好处
1,粉巷的这家味道最好
1,生鱼片很新鲜
1,红柳肉串最爱
0,cake的免费券
1,羊肉串烤的恰到好处
0,设施都很好
1,芝士蛋糕很浓郁回味无穷
1,环境装修富丽堂皇挺漂亮的
0,和舍友们一起去吃的
1,咖啡是老板从新加坡带回来的好香
0,是货真价实的
1,沙拉真的超大份
0,樱桃鹅肝要搭配山楂才能解腻
1,芝士恰到好处
1,墨西哥卷很饱满
1,是一家很纯正的印度菜
0,芝士鲜虾反卷
1,薯条鸡翅一如既往的很香
0,黄咖喱可以选择鸡胸鸡腿肉
1,教堂内部富丽堂皇典雅超俗
1,椰汁糕做的很入味
0,牛一嘴分店越来越多
1,装修很新颖
0,味道环境服务很好
0,美女老师技术特别好
0,很大一只哦
0,鳗鱼饭还不错
0,好的环境可以起到点睛之笔的作用
0,团购很实惠
0,冰沙很好喝
1,部队锅味道恰到好处
1,环境干净冰淇淋一如既往的好吃
1,店里面装修挺精致
1,鸡脆骨好吃
0,鲜花很新鲜
0,服务是恰到好处
1,五口灶的味道一如既往的好吃实惠
1,芥末味恰到好处
1,进古镇很方便
1,整体菜的口味都不错水晶鸡非常嫩
1,加上抹茶粉的一点苦感恰到好处
0,夹腊肠不错
0,超欣赏这种认真做头发
0,包房里环境不错
0,味道和服务一如既往的好
1,一家以做排骨出名的店铺
1,拌鸭肠是一绝
1,大肠做的火候掌握恰到好处
0,乳鸽有点冷
0,地方很好找
0,地方很好找
0,令人回味无穷
0,烤串恰到好处
0,猪肝稍逊色菲乐
0,店离地铁口特别近
0,新晋的网红乐园
0,发型减的不错
1,牛展有嚼劲的同时嫩的恰到好处
1,麻酱和糖蒜恰到好处
0,菜品份量很足
0,表层水果丰富
1,奶盖很香醇
0,很好的一次体验
1,吃火锅必点的毛肚很脆
0,书的种类丰富
1,撒了一层磨碎的芝士很用心
1,粉丝口感微韧弹牙
0,螺肉很紧实
1,汤底儿各种香料调配的恰到好处
1,摆在家里酒柜很温馨
0,可以免费加京葱和黄瓜丝
1,装饰很富丽堂皇
0,让人赏心悦目
0,生意很不错
0,看到这么多化妆刷
1,化妆的萌萌很有耐心
1,米饭的醋味恰到好处
1,超市商品琳琅满目
1,牛舌烤得恰到好处
0,捆扎固定花束形状第六步
0,味道一如既往的好
1,馒头松软的恰到好处
1,villa里的配套泳池很干净
1,海鲜很新鲜
0,路途出奇的顺利
1,剪发很仔细
1,鸡排很厚实
1,整体装修风格古色古香很美
0,像个小肉包
1,店铺主打澳洲黑毛和牛都不错
1,三鲜焖子最爱
0,随便买点面包
0,粉是纯大米的
1,渝宗鲜排骨算是一大亮点
1,白菜豆腐与宽粉的口感恰到好处
0,有免费停车的地方
1,墨鱼汁奶油意面的奶香非常浓郁
1,鸡皮烤串烤扇贝和烤饭团都烤得恰到好处
0,入口即化的口感令人印象深刻
1,蟹子很新鲜
0,音质非常不错
0,清酒随便喝
0,味道一如既往的好
0,糖油粑粑不错
1,dora非常耐心尽责
1,芋儿牛柳的牛柳超嫩超入味
1,烤肉的味道很棒
0,烧鹅味道不错
1,面包吃起来很新鲜
1,海鲜挺新鲜的
1,玉米片牛油果吃着很过瘾
1,装修很古色古香
1,粉丝的口感恰到好处
1,好的锅底可以让自己的火锅别具一格
0,东西很便宜
1,龙虾挺新鲜的
0,来一杯热热的丝袜奶茶
0,店铺重新装修以后
1,鳕鱼煎得恰到好处
1,出乎意料的这个紫甘蓝馅脆脆的好吃
0,小龙虾很干净
1,锅边馍火候控制的恰到好处
1,牛肉炖烂好好吃
0,房间里有个小的私人泳池
1,水果超新鲜
0,店里环境非常不错
0,辣的恰到好处
1,鲜花品质不错
0,爱的人很爱
0,搭配下面得土司一起吃恰到好处西班牙火腿
1,最爱的三文鱼
1,咖喱饭最好吃
0,面条湿滑有点辣
0,珠珠海鲜加工店在第一市场
0,成都随处可见多有一店
1,绿植空酒瓶装饰物都恰到好处
1,鸡排很嫩很好吃
0,味道真的还不错
0,外卖小哥服务不错
1,鲜肉和虾仁最好吃
1,按摩力度恰到好处
0,牛百叶口感恰到好处
1,是最近吃的最好吃的小酥肉
0,随便吃吃很推荐的地方
0,广式早茶点心
1,装修看得出很用心
1,鳗鱼饭一如既往的肥美好吃
0,等位时有免费小吃和柠檬水
1,鸡皮烤的恰到好处
0,很好的用餐体验
1,辣的恰到好处
1,装修的特别富丽堂皇
1,yuki一根根接的超级仔细
1,奶油条在店里的销量最好
0,味道和服务一如既往的好
1,牛肉烤的恰到好处
1,蒜汁恰到好处
0,凤爪味道恰到好处
0,开禾路口好吃的真是很多
1,搭配榴莲果肉恰到好处
1,脱毛修发际线都特别用心
0,寿司还不错
0,偶然拔草了一家椰子冻
0,带子和扇贝不错
1,蹄花汤很入味
0,典型的湘菜口味
1,鳕鱼恰到好处
1,咖喱鸡好好吃
1,鹅肝蒸蛋搭配相当完美
1,会所的饭菜很清淡
1,一应俱全农家菜很地道
1,最爱的炸腐皮必点
0,味道一如既往的好
1,生蚝挺新鲜的
1,豆腐表皮煎得火候恰到好处
1,香肠烤的恰到好处
0,菜品的种类非常非常的多
0,拉皮真的挺好吃的
0,钵钵鸡期望值过大了
1,云南行最好吃的一顿
0,酱料一组不错
1,吃的时候最好点素的
0,金针菇不错
0,服务彬彬有礼
1,沙拉的酱调配的恰到好处
1,熊猫小猴子挺可爱的
0,辅料堆得来整整齐齐的
0,免费军装照相
1,洗头的妹子手法力度都恰到好处
1,羊腰和牛腩筋烤的火候恰到好处
0,辣的恰到好处
0,冷面都挺好吃
1,店里装修挺有意思
0,口味特别好
1,油淋鸟贝酱料调得恰到好处
1,虾饺皇一如既往挺好吃的
1,最爱麻辣牛肉
0,厨房里服务人员紧张忙碌着
0,寿司店还算是便宜的
1,茶香鸡很软烂
0,芝士焗饭类的咖喱的不错
1,油炸的烧排火候掌握的恰到好处
0,能实实在在放碗里嘛
0,去的时候山里很冷
1,服务态度很好古色古香的一家火锅店很满意
1,活的小龙虾现蒸的很美味
0,空调太大了
1,停车很方便
0,总体来说很好
1,嫩牛肉和沙巴鱼一如既往地好吃
1,鳗鱼寿司层次感丰富鳗鱼调味恰到好处
1,装修很有格调古色古香的
0,很好的一次用餐
0,烤串类都不错哦
0,虹鳟鱼不错哦
1,茶和奶的配合恰到好处
1,全场最佳烤鸭包
0,有免费停车位
0,海南鸡饭还不错
1,辣椒的最有意思
0,服务态度始终如一
1,好想问问米饭怎么才能做到让人回味无穷
1,烤鱼很入味
0,有免费停车缺点
0,豆腐蟹肉汤什么的不错
0,烤鱼味道不错
1,蘸猪肚和鸡块味道真的不错
1,面包的松软程度恰到好处
1,最爱的爆浆流沙包算得上是上海数一数二的
0,包饭跟韩国料理的一模一样
1,猪肝恰到好处
1,鸡球甜甜的特棒
0,上官老师技术不错
1,指甲非常漂亮
0,格局布置都很合理
1,馄饨恰到好处
0,结苞已经很久
0,馅饼还不错
1,芥末味微微透出恰到好处
0,美食印象深刻
1,最爱的酸汤蛙
0,鸡蛋质量高
0,肌肉非常紧张
1,鸡肉很入味蒸饺有好几种味道的
1,咖啡出人意料的顺滑好喝
1,香猪肉真是出乎意料的好吃
0,小孩子能与海洋动物亲密接触
0,泡菜牛肉的微辣米饭的微酸
0,服务超级好
0,蒸的恰到好处
0,冰激凌多少恰到好处
0,娃娃菜蒸得酥软便于咬断和咀嚼
1,汤浓味儿鲜
1,鲜虾云吞是最爱
1,麻辣牛肉很入味
1,虾饺做的精致漂亮好吃
1,千层肚煮的恰到好处
0,沾上酱料不错
0,小龙虾能做这么多味道出来
0,放调料的地方还可以随意取稀饭
1,烹饪的熟度恰到好处
1,恰到好处海胆特甜新鲜
1,英语学习环境特别活泼
1,辣椒给的恰到好处
0,口味一如既往的好
1,茶饮很细致
1,覆盆子的个人觉得非常惊艳
0,拔草很久了
1,梅渍圣女果很让人惊喜
0,婚宴大厅不错
1,面包蛋糕种类都很全
1,四季春茶和奶盖恰到好处的搭配在一起
1,价廉物美的一道菜最好吃的这个猪蹄了
1,菠萝油表皮特别酥脆
0,味道都不错饮料
1,拉皮确实很棒
0,店面麻雀虽小食材精彩
1,音乐恰到好处
0,服务小哥态度很好
0,烤鳕鱼和烤蟹腿是某些人的最爱
0,灯光和环境搭的恰到好处
0,私密性很好
1,冷菜猪肚调味的恰到好处
0,打包还送了一盒新的饼
0,烤鳕鱼烤地恰到好处
0,是扬州旅游黄金线的重要一站
0,实实在在做品牌的店
0,牛肉饼什么的牛肉拉面味道不错
1,意大利面煮的恰到好处
1,摇滚吧拉皮是最有意思的一道菜了
0,咖喱鸡排双拼看起来不错
0,淋雨间沐浴用品都不错
1,牛肉都很实打实
1,发型修剪非常细致
1,虾很入味很好剥
0,卓悦汇对面的卓越写字楼
1,生蚝很新鲜
1,顾名思义虾做得好
1,装修很雅致
1,牛筋柔嫩恰到好处
1,浇上去的咖喱味道恰到好处
1,龙虾很新鲜
0,毛肚牛肚一大片一大片的锅底是重点
0,包房名字台湾着名的人给起的名字
1,店内装修挺古色古香的
0,有荔枝微甜的味道配合肉卷
0,挑的眼花缭乱
1,肚皮舞娘很美
0,态度和蔼可亲
0,音响效果很不错的
1,溏心蛋的蛋白和蛋黄都熟的恰到好处
1,锅贴表皮煎的酥脆程度恰到好处
1,烤肉很肥美
0,新开的健身房
0,送的蛋饺不错
0,口味很不错
0,价钱真的挺贵的
1,酱料调得恰到好处
0,地铁站内设计合理
1,豆腐煎的恰到好处
1,海胆很新鲜
1,虾皇饺做的很细心
0,带南方朋友品尝一下鲁菜不错
0,店面装修的还不错
1,酸奶很浓郁很好喝
0,烤鸭味道不错
1,芥末章鱼的味道恰到好处
1,十三香小龙虾很诱人
1,肉汁恰到好处
0,味道很好吃
1,装修的很是古色古香
1,最爱的是鸡爪和烤猪蹄
1,算是香港这边非常非常好吃的日本料理了
0,服务好有种宾至如归的感觉
1,牛蛙吃起来很鲜美
1,鳗鱼炭烤后味道恰到好处
1,餐厅环境很棒
1,考博沙拉一如既往的超大
0,泡菜味道不错
0,干锅花菜锅底都是带火的
1,一如既往的超大汉堡
1,糯米藕和笋丝一如既往的好吃
0,菜品味道很好
1,马来西亚酸辣汁用马鲛鱼熬煮制成恰到好处
1,近观东京湾夜景
1,豆皮应有尽有很传统的黄汤拉面
0,团购的代金券挺合适的
0,惠州文昌一路华茂商贸中心
0,冰粉还不错
1,饼底恰到好处的薄了
0,工作日的中午生意很好
1,玉米烙真好吃
1,好大好火爆的夜市
1,牛肉压得恰到好处
1,愚园路上独栋洋房的用餐环境真是霸气
0,小院的景色很好
1,洗发小妹洗得很认真
0,新开的影院
1,按摩力度恰到好处
1,甜品的命名挺有意思的
1,鱿鱼圈恰到好处鱿鱼脆脆嫩嫩的
1,牛肉非常新鲜
0,服务口味都很好
0,排骨和腊肠都不错
0,鸡排味道不错
0,保留着原汁原味的水乡风情
0,走了很久才找到
1,无骨鸡爪辣的恰到好处
0,蒸的味道不错
1,小朋友的摩托车很可爱
0,新认识好多志同道合的吃货朋友
1,荷塘月色火候恰到好处
0,结果真是出乎意料的好吃啊
0,奇妙芝麻虾
0,拍拍照片什么的不错的
1,最爱萝卜端子
1,黄咖喱加了很浓郁的椰汁下去
0,乐器简单易学
0,毛毛老师组特别好
0,地址很好找
1,恰到好处点的饮料是玉米汁和红莓
0,泡菜很好吃
1,味道根棒特别喜欢他家的豆腐脑和锅巴菜
0,结果出乎意料的好
0,酸奶和红柳烤肉不错
1,杂粮饭好好吃哦
1,农家菜做的地道分量很足
1,环境好的看着很干净
1,汤汁恰到好处
0,团购很划算
0,地方很好早
0,人最美态度最好按摩
1,咖喱牛腩好入味好好吃啊
0,猪脑味道不错
1,牛蛙炒的恰到好处
1,炸鸡和烤鸡味道特别棒
0,公交车转地铁两个多小时
0,店里环境很雅
1,买个早饭很实惠啊
1,东北菜很正宗的
1,鱼汤真的很鲜美
0,服务超级好的
0,位置很好找
1,店里装修布置得古色古香非常有优雅
1,最爱正家的辣五花肉石锅拌饭和大酱汤
0,推荐夏天热的时候别过来
0,生意超级好
1,牛肉丸子别具一格
0,润肤液能跟楼下洗浴一致吗
1,鸡肉滑嫩汤很鲜美
0,招牌很显眼
0,品种非常多
1,做美甲的姑娘特别耐心
0,烧猪肉丼味道不错
1,水果挺新鲜的
0,肥牛货真价实挺多
1,沙拉酱搭配恰到好处
1,炸鸡块挺好吃
0,服务特别好
0,那大餐具真给力
0,味道不错点了酸菜味
0,宝宝非常开心
0,环球港的环境不错啊
1,红烧肉太香太好吃了
1,面条绵柔入口即化
0,干锅包菜原汁原味
1,牛肉熬煮得恰到好处
0,陈列柜里的蛋糕颜色鲜艳
1,水煮鱼都挺不错价格不贵
1,装修的非常古色古香
1,牛黄喉吃起来很厚实
1,套餐中的盐水花生颗粒饱满五香味恰到好处
1,蔬菜色拉很新鲜爽口
0,服务人员态度很好
1,虾饺皇这些糕点都是特别棒的
1,hi辣鱼味道不错推荐
0,豆芽和酸菜挺好吃的
0,鲜虾净云吞馅料还不错
0,珍椰青茶中杯
1,油碟恰到好处
0,华东地区最大的生态湿地之一
1,鳌虾一如既往的新鲜好吃
0,味道一如既往地好
0,戴眼镜很清秀的小伙子
1,配合芒果百香果汁喝真是恰到好处
1,能够恰到好处展示面包的口感
1,店里装修的很古色古香
0,草莓和梅子口味都还不错哟南瓜派
0,上菜速度特别快
1,口水鸡的酱恰到好处
0,多是对外经贸的学生
1,烤肋排老嫩恰到好处
0,奶油蘑菇汤的奶油还可以多加一丢丢
1,染发时间掌握的恰到好处
1,加面条进去爽
0,超有爱的一面喵喵
1,爆肚灌肠荷叶粥黄瓜小菜很惊喜
0,气氛真的很好
1,搭配米饭恰到好处
1,停车挺方便的
1,表面的蒜香味真的很棒
1,豆腐的口感恰到好处
1,浓辣的汁液渗入牛蛙的每一寸肌肤
1,按摩力度恰到好处
0,类似于厚多士
0,赤坂亭主打日式烤肉
0,免费的蛋炒饭
1,生菜味道恰到好处
1,酱爆猪肝很嫩
0,价格很重要的
0,关东煮味道不错
1,皮蛋豆腐原来跟泡椒田鸡这么般配呀
0,宾馆位置很好找
1,能看见很多红鲤鱼在悠闲的逛着
0,菜做的非常霸道
0,总体来说性价比很高
0,碗碗旺和凉粉都是家常的味道
1,发型师波波很耐心
0,算是辣的舒服的那种
0,烤鱼还不错
1,鱼片切得厚度恰到好处
1,冰粉一如既往得好吃解辣
1,油泼辣子都调试到了一个恰到好处的点
1,五脏俱全三文鱼刺身和甜虾都很新鲜
1,店内装修的很古色古香
0,洛杉矶的夏天夜晚很凉爽的
0,看得眼花缭乱
1,绿植搭配的花盆很棒
1,染发助手很有礼貌很细心
1,烤海鲜好好吃
1,鸡蛋煎得恰到好处
1,装修很简约大气
1,糍粑好好吃啊
0,煲仔饭不错
1,照相时机把握的恰到好处
0,选的烹调的猪肉很小一盘
1,虾饺非常货真价实
1,按摩技师都很漂亮按摩技术都很好
1,咖喱味恰到好处
1,重庆小面很有名
1,白墙黑瓦很有绍兴古色古香那味道
0,打折的力度很大
1,梅江地区非常棒的一家美甲店
0,味道一如既往地好
0,冰与火龙虾
0,五花肉需要烤久一点
0,总体物美价廉服务好
0,和蔼可亲的逗引师侯晓娟
1,北京最爱的自助
0,秋葵很清淡
0,味道一如既往的好
0,懒龙真心不错
0,店里氛围很好
0,新开的一家甜品铺子
1,酱料恰到好处
1,海鲜蒸的恰到好处
1,来吃一份火锅真的太美好的事情
0,老坛酸菜的够辣
0,房间构造很讨巧
1,装修风格很温馨
1,店面装修的极其可爱
1,搭配芝士很美味
1,烤鸭尤其令人回味无穷
0,服务还特别好
1,枫桥挺漂亮
1,说实话清洁超级干净
0,一家无功而过中规中矩的火锅店
0,汤是平淡的感觉
1,鱼肉质很嫩
1,芝士加得恰到好处
1,香醇的芝士味恰到好处
0,推荐的白葡萄酒不错
1,马兰头的清香很赞
0,味道一如既往的好
1,装修的新媒体感很棒
1,寿喜锅的味道很鲜美
0,店面装修的不错
1,灯光和音乐都恰到好处
1,停车很方便
1,很棒这里很多坚果蜜饯零食
1,美甲只认准miss静安店环境超级棒
1,海鲜很新鲜
0,配上黑椒汁很好吃
0,最爱的红糖糍粑依旧是点双份的
1,羊蝎子很入味
1,货真价实全是虾牙签香菜牛肉特别容易入味
0,丸久小山园是宇治市着名的茶园啦
0,典型的法餐口味
0,鲜虾蟹子云吞味道不错的
1,甜虾鲜美带着好多的籽
0,服务有求必应
1,美甲做的很饱满非常漂亮
1,装修的很富丽堂皇
1,店内装修很别致
0,阿妹细路网拍
0,服务态度很好
1,土豆泥蘸着覆盆子酱好好吃
0,心理其实很明白
0,艇仔粥还不错
0,让人有种宾至如归的感觉
0,服务态度非常好
0,看似咖啡免费
1,是苏州最好的汗蒸
1,海鲜都非常新鲜
0,进去之后有种别有洞天的感觉
1,双层汉堡始终如一的好吃
1,清炒手剥虾仁虾仁十分新鲜
1,店家贴心地送了新鲜的水果
0,有个女的经理服务态度很好
0,恰到好处的感觉
0,偶们偏爱原汁原味
0,三文鱼不错
1,海鲜都很新鲜
1,牛肉的火候恰到好处
1,辣的恰到好处
0,装修的还不错
1,手撕包菜加的提鲜和开胃
0,套餐性价比高
1,焦香的锅巴回味无穷
1,水果茶的卖相特别棒
1,装修的很原始别具一格
0,炒年糕恰到好处
0,家门口新开的火锅店
1,面包脆的恰到好处
0,喜欢亲爱的molly老师
1,个人最爱牛肉丸
1,芥末的分寸恰到好处
1,古美馆里的环境和氛围真的非常古色古香
1,咖喱特别香
0,价格很良心
1,搭配火锅真的是非常完美
0,蜜汁鸡排都很好吃
0,获得两杯奶缇饮品免费品尝机会
0,做完后还会提供一次性内衣
0,很好的点心
1,牛肚软硬恰到好处
0,糕点热门的点心
1,恰到好处的香味的鹅肝配上蓝莓酱
1,鱼片刀工细腻厚薄掌握恰到好处
0,川北凉皮出乎意料的好吃
1,店铺内的装修很古色古香
1,三文鱼很新鲜
1,看到寿司摆盘很精致
0,味道可圈可点
0,菜的味道很不错
0,建议汤要多准备些
0,证件照照的不错
0,红烧肉不错
0,留下了特别好的印象
0,披萨不错可以做双拼
0,量足味道好
1,牛肉真的很嫩
1,鸡挺好吃哒
1,装修的挺古色古香的
0,五花肉酸菜搭配不错
0,菜确实很好吃
0,口感很好呀
1,吸足了汁水好吃回味无穷
1,白灼西兰花焯烫得恰到好处
0,李双营业员真的好好
1,鱼汤很鲜美
1,海鲜特别新鲜
0,搭配得很好
0,味道是一如既往的好
1,蒜香鸡很入味
0,服务和硬件都很好
1,芝士调味的恰到好处
0,就餐环境很好
0,就诊流程很简单
0,炭烧牛肉的做法类似白灼
1,香锅一如既往地的好吃
1,保龄球一如既往好玩
0,地处文明路中山图书馆旁
0,让汤团子来优艺思学堂理理作息
1,煎饺好脆啊啊啊
0,正大广场这家一如既往的好
1,培根在沙拉里面点缀的恰到好处
1,加了酱的凉皮确实有点好吃
1,环境好古色古香
0,大酱汤不错
1,货真价实海鲜非常好吃
1,海胆超级新鲜
0,位置特别好找
0,排队过程中有免费的冰淇淋可以吃
0,油条和豆花味道不错
1,牛肉非常入味
0,大厅富丽堂皇
1,健身氛围很棒
1,牛腩的口感恰到好处
1,造就出恰到好处的味感观感体验
1,画的真的很细致
1,店铺装修很有品味
0,化妆专业负责
1,俄式西餐非常正宗
0,难处理的脂肪粒和粉刺
0,偶然看到这家团购
0,排队排的很久
1,牛舌烤的恰到好处
0,菜品的味道真的不错
0,感觉真的很神奇
1,盒装的巧克力都很精致
1,上海最棒的vr馆
1,粉丝煲恰到好处
1,化妆和摄影都很棒
0,肥牛面不错半个溏心蛋
1,沙拉酱汁非常美味
1,牛五花烤的恰到好处
1,牛油果熟得恰到好处
1,海鲜很新鲜
0,店的门口其实装饰得很精致的
1,乐园里的卫生很干净
1,拌面酱汁味道恰到好处
0,环形泳池还能看鱼和大海龟
1,做得很入味酥软本土人气餐馆
1,牛肉锅味调的恰到好处
0,牛肉味道不错
0,套餐的酒不错
0,菜品很好吃
1,酸汤很正宗
0,菜口味很好
0,是货真价实的
1,炸鸡恰到好处的好吃
1,帝王蟹蒸的恰到好处
1,点心和咖啡都很赏心悦目
0,货真价实才是真道理
0,装修的还不错
0,换到了大爱的日料
0,味道很不错
0,来保定了自然要吃驴肉火烧
0,爱吃这里的丸子饭
0,感觉非常不错
0,离三八广场近
0,汤底很清爽
0,整体全五星好评超级推荐
1,洗头很仔细
0,成为泰国着名的游览场所
0,锅底初上口觉得辣
1,火锅的汤非常清爽可口
1,芥末淡淡的味道配着黄瓜很开胃
0,咸甜鲜味道调得恰到好处
1,牛肉腌得恰到好处
1,藏香猪五花肉分量很足
1,裹上的沙茶酱很入味
0,味道一如既往的好
1,带点京味的甜面酱搭配得恰到好处
0,带朋友一起去剪的不错做了护理
1,黑米粥软糯粘稠度刚刚恰到好处
1,个人觉得烤肉算是无锡数一数二的好吃了
0,占地面积很大
1,厦门最爱的海鲜大排档
1,龙利鱼最棒
0,果断选择钟爱的烧鸟
0,串串本来点的中辣
0,赏心悦目润肺呢
0,味道很不错
0,辣度恰到好处
0,菜品都很好
0,有吃甜品有点菜
0,久茶食研室
0,环境和服务都很好
1,香港的东西最好的地方在于货真价实
1,鸡翅恰到好处嫩好吃
0,是每次按摩的一个不错选择
0,牛肉的熟的恰到好处
0,店里的小姑娘都是有求必应的
1,粉丝软糯恰到好处
1,蛋糕盒子超大
1,适合拍照阿芙佳朵很好吃
1,鸡肉外香肉很嫩
0,小店环境很好
1,清凉筋面一如既往的好吃
1,装修古色古香很有味道
1,鸡爪煮得恰到好处
1,牛肉调味的恰到好处
0,鸡真的不错
0,效果很明显
1,饮品很漂亮口感很好
1,青稞饼金黄微稣微甜
0,鱼新鲜很多
0,买的套餐不错的
0,美女服务态度都很好
1,餐厅的装修非常古色古香
1,搭配酱料回味无穷
0,海鲜啤酒烧烤是这个季节的最爱
0,干湿拖鞋都有
0,试纱顾问kate热情专业
0,有求必应口味
0,牛男手造在南昌现在太火了
1,十分满意推荐蒜香小龙虾太香了
0,态度超级好
1,牛肉烧的恰到好处
0,爱吃芝士的可以来
1,虾仁蛋包饭一如既往的超大份
0,吃辣的一定要点油碟哦
0,和平广场的世纪联华一楼有人新开了一家
1,田园风的装修风格很让人赏心悦目
0,一大份泡椒田鸡
0,上菜特别的快呢
1,家人都觉得是苏州算数一数二好吃的
1,鹅肝煎的特别好火候恰到好处
0,拌面还不错
1,餐厅环境很优雅安静
1,是同类型菜系中在广州数一数二的好
1,蒸蛋很滑很嫩
1,烤鱼的火候恰到好处
0,爱吃烤肉的可以试试
1,按摩的力度和手法很恰到好处
1,长沙老板讲塑料普通话很亲切哈哈
1,熏鱼煎的恰到好处
0,水果免费畅吃
0,环境装修的不错
1,牛腩真心好好食
1,做指甲很细致认真
1,地铁很方便
1,海鲜豆腐汤惊喜
1,海鲜饭挺好吃的
0,木桶鸡味道不错
0,土豆片不错
0,味道一如既往的好
0,装修属于暗暗的
1,搭配的水果恰到好处的综合掉鹅肝的油腻感
1,石家包子一直很有名
0,感觉一如既往的好
1,出人意料的黑椒乌冬面还挺好吃
1,凤爪蒸的恰到好处
0,海鲜挺新鲜的
1,芒果糯米饭特别好吃
0,开饭餐厅素以出自六代粤菜餐饮世家着称
1,干炸丸子可以说是一绝
0,肠粉和炒牛河无功无过
1,抹茶冰激凌非常之稠味道恰到好处
0,团购的乳鸽好划算
1,蒜蓉烤生蚝生蚝的火候恰到好处哦
0,咖啡瑞士卷的奶油最清淡
0,装修风格不错
0,人气非常旺
1,特推的牛肉非常爽哈
1,龙虾泡饭鲜的恰到好处
1,恰到好处的芝士和蒜香
1,最爱的蔓越莓
1,相得益彰最喜欢这种口味恰到好处的甜品了
0,糖蒜都不错
0,环境非常不错
0,味道非常好
0,一大锅焖子
0,东西非常全
1,海胆水饺是吃到现在最好吃的水饺
0,早知道咖啡和茶穿插开的
0,看上去津津有味
0,味道搭配很好吃
0,大漠烤羊排味道不错
1,村上的东西一直物美价廉堪称最实惠
1,帝王蟹蒸得恰到好处
0,离附近景点都很近
1,套餐里的炸鸡好好吃
1,虾还不错看起来挺新鲜的
1,烤鸭和带鱼味道好
1,烤猪肘子肉腌制得很入味
1,体验课超级划算
0,容易入口猪五花
0,同事做的很好
1,炸粉裹得恰到好处
1,装潢很古色古香
0,蓝朋友点了摩卡
1,三文鱼很厚很棒
0,朝阳大悦城新开了许多家店
0,吃了炸酱面还不错
0,火山沙拉不错
1,抹茶味道恰到好处
0,份量足味道好
1,草莓酱恰到好处
0,姜撞奶还不错
1,龙虾肉恰到好处
0,设计方案非常好
0,菜品煮的恰到好处
1,化妆技术那是连云港地区数一数二的好
1,是黄浦江拐角一处环境优雅的茶社
1,蚝仔很新鲜
1,最爱的牛蛙
1,鹅肝煎的恰到好处
1,最爱的是丽江豆腐
1,酸菜鱼烧的味道很正
1,海鲜非常新鲜
0,让店家多放了点跳跳糖
1,莓果果酱和梨泥的味道调的恰到好处
0,服务态度很好
1,鹅肝很肥美
1,龙虾个头很大很干净
1,糖和炸辣椒油恰到好处
1,摄影老师很仔细很幽默
0,配着油碟吃不错
1,有一种高端的妈妈的味道的赶脚
1,按摩力度恰到好处
0,透明的厨房
1,新天地校区的环境是非常棒的
0,瑜伽馆环境不错
0,快餐量很足
1,一如既往的好吃呀咖喱咖喱很下饭
1,最爱串烧拼盘
0,意大利面太腻了
1,抹茶味道很纯正回味无穷
0,手劲都是恰到好处
1,羊肉串烤的恰到好处
0,林姐海鲜属于口味较重的海鲜
1,鸡肉煮的恰到好处蘸酱是特制酱油
0,被子和枕头舒服
1,豆腐煮到恰到好处
0,水果种类丰富
1,羊排都很嫩
0,服务特别好
0,炒饭还不错
1,生鱼片很新鲜
0,渝月味道不错
1,冰粉和西米露不错哦
1,价格适中装修很好
0,烧鹅味道不错
0,生意真心好啊
1,椒麻鸡清爽很香
1,和蔼可亲化妆技术好
0,小朋友很开心
0,蜜汁梅肉味道不错
1,海拉尔高钙羊肉和霜降牛肉都不错
1,鳕鱼非常棒
1,红糖的香味配上馒头特别好吃
1,能超级棒的领会目标发型
0,玉米之类的素菜品质神马的都不错
1,饮品都很可爱
1,豆角很正宗
0,味道非常好
0,味道不错是笋烧咸肉啥的
1,约会朋友聚餐都是不错的选择
1,烤的厚切牛舌恰到好处
0,归程会很累
0,田鸡真的超好吃
1,一如既往的最爱是冰镇鹅肝
0,青菜味的最爱
0,个人感觉很好的
1,披萨很入味
0,聊聊天很不错的地方哦
1,餐厅布置很洋气
0,火候以及味道都恰到好处
1,装修古色古香很大气
0,服务态度很好
1,牛肉一如既往地新鲜好吃
1,很好的体现了蟹的鲜甜
1,画画功底进步飞速
1,三文鱼很新鲜
0,装修的金碧辉煌
1,土豆片吃起来挺脆的
0,想着原汁原味一点
1,牛玄庵的味道恰到好处
1,整体装修特别古色古香
0,爱吃三文鱼的盆友们记得来呀
0,油炸的恰到好处
1,相当正宗的北京涮羊肉
1,尝一口汤汁让人回味无穷
0,海带丝属于饭店免费提供的
0,是家很有名的饭馆
1,鸡肉烤的恰到好处多汁
1,奶盖茶的奶盖挺好吃
0,猪小排口味不错
0,鱼头的味道真心不错
1,装修得很时尚
1,据说是京城数一数二好吃的湘菜馆
1,强哥剪的很细心
0,游客能较分散地泡温泉
1,红薯香甜软糯的很好吃
1,饮料都很全
0,看个小焰火
1,去店里时很认真的帮助设计发型
1,香肠炒饭和酸辣粉是一如既往的好吃
0,配上煮的恰到好处面条
1,芒果螺的香辣恰到好处
0,搭配水果沙拉很清爽
0,地方真的有点难找
1,汤底的料汁恰到好处
0,菜品摆盘考究让人赏心悦目
1,牛肉腌制的恰到好处
0,韩国商品较多
0,餐厅服务很好
0,味道一如既往地好吃
0,味道很不错
1,超市里东西琳琅满目
0,软壳蟹真的是好吃
1,送的餐具真的很恰到好处
1,小吃琳琅满目口味独特
1,华润超市琳琅满目的商品
0,巧克力馅最爱
1,做美容最主要的是干净
1,运动完浑身超级酸爽
0,抹茶味恰到好处
1,刺身很新鲜
1,面条很入味
0,味道一如既往的好
0,新开的素食馆
1,康姐家羊排羊肉串最好吃
1,孩子对英语越来越感兴趣
0,京酱肉丝不错
1,鱼虾蟹贝之类的海鲜都非常新鲜
1,停车很方便呐
0,餐厅很干净
1,牛油果特别嘬实
1,大饼挺好吃
1,汤汁恰到好处
0,金碧辉煌的
1,土豆片厚度恰到好处
0,炒肝儿还不错
1,汉口里古色古香的风格很美
0,纯绿色蔬菜
1,冬阴功肥牛辣的恰到好处
0,免费的小吃和小菜
1,生蚝很新鲜
1,豉汁和辣椒恰到好处
0,成都的餐饮老板是很勤奋的
1,小川老师很厉害滴
1,烘焙的恰到好处
0,沙拉味道不错
0,闭着眼睛点都不错的
0,浴场环境不错
1,米饭煮得恰到好处香软有弹性
1,牛油果熟得恰到好处
1,盐水鸭很地道
1,牛肉炖的软烂
0,简餐的味道不错
0,味道还不错肉夹馍
1,店还装修得挺精致的
0,最爱的口味麻酱
0,出门用房卡换免费停车票
1,锅贴的火候恰到好处
0,一家新开的粥铺
1,烤鱼很新颖
0,蜗牛真是恰到好处
1,采马特的餐厅琳琅满目
1,古色古香的装潢特色
1,泡在粉里挺好吃的
1,海鲜都是活蹦乱跳的非常新鲜
1,朋友聚会家庭聚餐是不错的选择
0,餐厅环境优雅
0,腌制的恰到好处
0,表示面一如既往地好吃
0,总体来说很不错
1,杭州最好的一家粤菜餐厅
0,相信对于女孩子来说是个不错的看电影去处
0,性价比蛮高的一家店
1,肥肠处理的恰到好处
1,装修很古色古香
1,甜品做的很精致
1,火遍ins的龙虾卷
1,芝麻的香味和沙拉酱的甜味配合的恰到好处
1,买的港式现拉丝袜奶茶味道正宗好喝
0,体现的淋漓尽致
0,进门感觉很整齐
0,肘子烤的不错的
0,西西弗算不错的
0,货真价实的
0,有个铁板豆腐挺好吃
0,珍惜当下的美食
1,卤肉饭很美味
0,乐客城真坑
1,干锅辣味与鲜味恰到好处
0,营造出的效果令人满意的
0,免费获得了两杯饮品
1,鳗鱼烤的恰到好处
0,整体性价比很高
1,大堂装修得很富丽堂皇
0,茶的味道还不错
0,品质始终如一
1,实打实的虾味道真心的好吃
0,位置很好找
0,典型三黄鸡
0,装修后重新开业
0,味道选择特别多
0,梨球果仁虾里的梨球味道还不错
0,大名鼎鼎钵钵鸡
1,鱼头吃了一块出乎意料的很嫩
1,温泉一如既往的干净舒适好嘛
1,画的时候超级耐心
0,坐jr到赤水站
0,生日快到的前几天
1,鹅肝居然做的这么美丽
0,辣白菜和海藻不错
0,人流量很密集的
1,爆肚焯水火候恰到好处
1,是同价位的牛排馆子里吃到肉质最好的
0,味道很不错
1,招牌担仔面和肉燥饭一如既往的味道好
1,传统照烧鸡排饭出乎意料的好吃
1,做头发真的很认真
0,酸菜鱼味道不错
1,简单的意面从面条到醤汁无可挑剔
0,路过看门口装修的很有特色古香古色
1,咖喱给的好实诚
1,小串辣牛肉鸡肉鸡胗都很入味
0,印象深刻的是黄金甲
0,验光很耐心
1,溜肉段和锅包肉依然是最爱
0,三里屯新开的分店
1,牛油果烤得恰到好处
0,湿巾这时候恰到好处的派上了用场了
1,做出的面包很别具一格
1,鳗鱼做的很嫩
1,主厨色拉的菜很新鲜
0,人气非常高
1,烤布蕾让面包底儿变得嫩
0,服务不错看到小龙虾的那一刻
1,香菇烤的恰到好处
1,胡椒放得恰到好处流沙包不错
1,豆干烤得恰到好处
0,龙虾口味不错
1,小龙虾很新鲜
1,洗头的时候很认真
1,大拉皮酱拌得恰到好处
0,团购很优惠
1,装潢很是古色古香
1,水果茶真的超大杯的
1,醇香中带着恰到好处的辣
1,猪软骨拉面一如既往的最爱
0,很重的那种
1,咖喱味恰到好处
1,牛肉特别嫩
0,服务意识非常好
0,环境和味道都很好
1,鲈鱼真的很鲜美哇
0,东西一如既往的好
0,种类特别的多
0,面的味道很不错
0,一楼的环境很好
1,薯条很酥脆
0,牛油果海盐色拉不错
1,婚礼宴会厅富丽堂皇
1,炸酱面都是最爱
1,辣椒辣的恰到好处
0,口味一如既往的好
0,味道确实不错
1,看的出来餐厅的工作人员很用心
0,烂烂的很好吃
0,味道确实霸道
0,椒麻鸡真心不错
0,自助碗料随意调
0,牛肉免费赠送
0,很好的一次体验
0,味道确实不错
1,芝士恰到好处
0,态度和蔼可亲
1,切除后的填药消毒缠绷带很麻利
0,每样都很好吃
0,服务态度非常好
1,蟹宝芝士放的恰到好处哦
0,洗澡水很热
1,花束花盒好漂亮
1,芥末的味道配合的恰到好处
0,肉丸不错的
1,牛筋好好吃呀
0,鸡蛋羹味道还不错
0,如果爱吃辣的推荐重庆吃法
0,回味无穷五彩蒸蛋
1,按摩的恰到好处
1,最爱煲仔饭那层锅巴
0,服务人员态度很好
0,技艺一如既往的好
0,感觉性价比很高
1,牛舌烤的恰到好处
1,牛油果的软糯恰到好处
0,红汤面汤里酱油味重
0,熬制的火候恰到好处
1,茶点很精致物美价廉
1,海鲜沸腾饭不错的
1,恰到好处地体现出粉的口味
0,活鳗鱼寿司刺有点多
1,水果茶的卖相特别棒
0,烤的特别好吃
0,提前约定了一间较大的玻璃包间
1,粉丝泡得恰到好处
0,孩子很开心
0,环境一如既往地不错
1,美甲师小菲特吧认真有耐心的做美甲
0,店里位置很好
0,紫米货真价实有嚼劲
1,牛仔骨煎的恰到好处
0,性价比不错的店
1,一家非常地道的日料餐厅
0,环境十分不错
0,美女店主人很好
0,生意不错停车便利环境
0,奶茶店的一大奇葩
1,小惠摄影师很棒
1,大肠烧的恰到好处
0,手切羊肉切的略厚
1,烤麸的火候口味都恰到好处
0,性价比很高的一家店
0,偶然逛到吃蛇羹的店
1,赠送的那个马卡龙最好吃
1,推荐的石爆鱼韭香牛肉都好好吃啊
0,效果特别好
1,蒸出来的味道好极了
0,套餐很实惠
0,味道很不错的
0,米其林一星拔草成功
0,制作过程看着赏心悦目
1,护理完后还准备了红糖小米粥樱桃小番茄
1,值得来尝试一下的独特奶昔
0,桌子排放很合理
0,对外经贸大学东门外新开的涮串店
0,商场吃饭都是类似的环境了
1,墨鱼意面感觉很惊艳
0,游完后再一次洗澡洗头
0,圣代杯味道不错
1,牛蛙肉质很紧很嫩
1,羊肉串很嫩
1,剪头发的过程特别认真细心全程无推销
0,发现这家vt还不错
0,整体感觉很不错
0,锅包肉做的不错
0,有个小伙子服务态度特别好
0,位置环境和服务都很好
0,大厅是一个四星级标准的大厅
1,蒜泥调的很入味
0,看着贝类很大
1,酸甜辣都恰到好处
1,鹅肝煎的恰到好处
0,饮料雪梨汁有点太稠
0,重要的是里面的沙拉恰到好处
1,肉松和油条香的恰到好处
1,海鲜都很新鲜
0,是按酒吧标准售卖价格
1,装修的很精致很小资
0,巧克力慕斯还不错
1,钢琴课小王老师很负责很有耐心
1,牛蛙很新鲜
1,烤扇贝烤的恰到好处
1,果汁很新鲜
0,店内环境很舒适
0,水果品种较少
1,入口即化肘花味道恰到好处
1,美甲做的很细致
1,环境好住的安静
0,感觉服务态度一网一如既往的好
1,奶盖厚薄恰到好处
1,小吃非常多琳琅满目的
0,是个价廉物美的好地方
1,花生冰沙实在太好吃了
1,刺身挺新鲜
1,荠菜很新鲜
1,樱桃肉甜糯的恰到好处
0,土豆丝很脆的那种
1,吃喝玩乐购物一站式很方便
0,有想买的推荐提前团购哦店里装修还不错
0,面包是有湿度的软欧
0,是一次不错的购物
1,装修很新颖
0,菜的价位午市很便宜
0,味道很不错
0,洗头按摩还不错
0,服务态度很不错
0,回味无穷以后会常去
1,装修很有江南特色古色古香
1,四季的b格果然高呀
1,很棒的亲子酒店
1,鱼皮很爽口
0,榴莲寿司还不错
0,口味蟹不错
1,装修的很清新脱俗
0,来哈尔滨必吃的火锅
1,古色古香的装修让人感觉很安静舒服
0,位置很好找
1,一如既往觉得石锅豆腐最好吃
0,蒸的恰到好处
0,套餐三少爷拉条子家味道不错
1,新出的披萨鸡腿真的不错哦
0,火锅的味道不错
0,口味一如既往地好
1,玉子烧里的芝士搭配的恰到好处
0,服务态度很好
1,裹着浓香的咖喱汁看起来加诱人
1,古色古香羊蝎子羊蝎子确实很入味
1,鱼腐嫩嫩的很好吃
1,糖心蛋的时间恰到好处
0,装修格局不错
1,太湖蟹个个蟹黄肉厚
1,醋汁里微微的一丝甜味恰到好处
0,服务过程中有求必应
1,密云烧肉真的很美味
1,咖啡醇厚度和奶香结合的恰到好处
0,味道真心不错
0,是女生的最爱
1,网师园是古代苏州世家宅园相连布局的典型
1,指甲做的挺漂亮的
0,牛舌品相不错
0,炒菜味道不错烤肉味道足
1,密室挺有趣
0,感觉很不错
1,脑花是一如既往的新鲜好吃
1,茶的味道很甘美
1,汤底好浓郁吖
0,菜色一如既往的好
1,香香鸡一如既往的好
0,标准的家常菜馆
1,鸡肉恰到好处
1,店内装修很古色古香
1,芝士恰到好处
1,蔬菜沙拉菜很新鲜
0,店铺装修不错
1,米饭特别的香
0,舒芙蕾不错
1,三文鱼刺身真的很新鲜
0,选择一家靠谱的家装公司是多么重要
0,来广州必吃的地方
0,刺身厚切口感还不错
1,看到柜子里琳琅满目的面包特别有食欲
0,环境超级好
0,菜的量很大
1,毛肚煮的恰到好处
1,泳池很干净
0,试吃吃到的巧克力蛋糕卷很棒哦
1,超级棒约翰披萨一如既往地好吃
0,味道很不错
1,戚风蛋糕的口感松软
0,菜量很大哦
1,店铺装修很古色古香
0,装修风格不错
1,来到成都照样走的奢侈高格调路线
0,鲜笋烧卖不错
1,鹅肝煎的火候恰到好处
1,甜品做的很棒
0,总体感觉各方面非常不错推荐给大家
1,鸳鸯锅的底料很纯正的
1,蜀州冒菜特别的赏心悦目
0,饮料不错吖
0,聚会什么都是不错的选择
0,用餐环境很大
1,牦牛火锅味道很棒
0,听说是新开的商场
1,停车很方便
0,烧肉恰到好处
0,味道一如既往的好
1,物美价廉服务好环境好味道好
0,璞素真的是不错的选择
1,海鲜粥用料很实在
0,拍照当天天气不错
1,榴莲千层实在是太好吃了
1,价格很实惠
0,米饭恰到好处
1,表面的芝士厚度恰到好处
0,店里服务特别好
0,菜品口味非常好
0,错落有致的布局
0,不错的新疆餐馆啦
0,鱼做得不错
0,有团购不错的
0,自助atm机分布很广
0,顺路团购了
1,让健身环境和过程很舒适且享受
1,鸡的肉质非常鲜美
0,照烧鸡肉饭味道不错
1,虾的外皮特别酥脆
0,寿司品种多
0,感觉叫服务员要叫很久
1,草莓冰沙果断最好喝
1,店内装修十分古色古香
0,服务有求必应
0,原味能喝出汤底较浓
1,颜色出乎意料的好看洗发水香香的
1,抹茶的苦味配上核桃仁的香味恰到好处
0,妆容是韩式风格
1,酱味很韩式很正宗
1,榴莲薄饼一如既往的好吃好吃好好吃
0,天真照得一览无余
1,清炒豆苗和甜豆都很嫩
0,服务态度很好
1,鲁道夫最好吃
0,饭菜特别好吃
1,流沙包很香
0,家常菜味道不错
0,店里环境很好
0,海带丝不错的
1,三文鱼腩超厚实的呢
1,烤鸡肉沙拉里的鸡肉非常香嫩
1,西塘是离开上海较近的一个古镇
1,肉燥好好味
0,红油抄手不错
1,功夫茶具挺别出心裁的
1,甜品口味恰到好处
1,环境很舒适喝着小茶啃着瓜果还能吃饭
0,服务态度非常好
0,酸奶或者北冰洋送清汤锅配料简单
0,配上太湖三白羹恰到好处
1,鱿鱼很新鲜
1,泰歺特有的酸爽香辣非常开味
0,环境和服务一如既往的好
1,地方挺大装修风格古色古香
1,沙拉加了脆脆的炸鸡好吃
0,草莓很新鲜
1,抹茶味恰到好处
0,恰到好处的清音乐
0,我家大王超级难搞
0,店家环境很不错
0,焦糖烤布蕾一如既往地好吃
0,服务态度很好
0,聚会是个啊不错的地方
0,看得眼花缭乱
0,素的随便点点
1,芝士盖的厚度恰到好处
0,赶上新换油时候
0,真人npc如此很深
0,香辣牛肉闻到很不错入味
1,鸡肉配酱恰到好处
0,皮薄肉汁多
1,肉蟹煲一如既往量多味道好
0,宝宝笑的很开心
1,神仙鸡的味道丝丝入扣
1,甜面酱和面皮都恰到好处
0,清汤锅不错
0,味道一如既往好吃
1,粉丝煮的恰到好处
0,海鲜最的是新鲜
0,重点是主菜的牛肉
0,甜度都是恰到好处
1,花束很新鲜
1,锅底香辣恰到好处
0,搭配想米饭和恰到好处的锅巴
0,团购很划算
0,有免费的沙拉
0,口感特别好
1,大厦装修好富丽堂皇
0,鲍鱼饭味道不错
0,喜欢纯粹简单的舞蹈房
0,焕然一新的环境和一如既往的好味
1,年糕真好吃
0,感觉团购划算好多
0,蟹粉小笼不错
0,钻石的价格性价比比较高的
0,吃的时候原汁原味
0,服务很好的
1,店内装修很新颖别出心裁
1,羊肉串恰到好处
0,吃了一次回味无穷
0,重新装修的
0,免费借韩服个亮点
0,团购的价格非常实惠
0,拍照头一天好好的准备了一番
0,上梅林地铁站a出口卓越汇商场二楼
0,总体感觉很好
1,鸡肉恰到好处
1,配合牛肚的美味恰到好处
0,口味非常不错
1,配的芝麻酱恰到好处
1,选片部和数码部服务非常贴心
1,鸡肉和猪肚煮到恰到好处的软硬程度
0,味道依旧很好
0,地址很好找
1,金花菜超级新鲜
0,服务人员都彬彬有礼
1,考牛排羊排都煎的恰到好处
1,来日本必吃
1,鹅肝煎的恰到好处
0,蝶豆花熟成拿铁
1,蟹粉豆腐豆腐十分滑嫩
1,婚纱裙摆是实打实的好料子好做工啊
0,距离机场近
0,套餐里的咸菜恰到好处
1,主打的油焖大虾和油焖大闸蟹都很是入味
1,牛筋炖的恰到好处
1,巧克力的那个绵绵冰加上炼乳很完美
0,手艺不错做工很精细
0,店内环境很好
0,看的眼花缭乱
1,吃过这么多饭店里算是最好吃的一家了
1,利桥顺算是很有名气的老店
0,有一模一样的套餐
0,虾的味道不错
0,随便吃吃不错哒吃饱后再来点水果
0,口味一如既往的好
0,土豆丝和拌三丁不错
0,bar的菜品不错的
1,炒肝勾芡恰到好处
0,实实在在的一家店铺
0,有种入口即化的感觉
1,小河虾很鲜嫩
1,鸳鸯锅底很够味
1,装修地古色古香看的很舒服
0,停车还免费呢
1,酒香草头现在这个季节非常鲜嫩
1,迷人的小哥亲手做一杯草莓冰拿铁巨好喝
1,点心一如既往的美好
1,龙虾很新鲜
0,微辣的辣嗨了
1,鸡肉帕尼尼和美式咖啡挺好吃的
1,洗手间很惊艳
0,酒水冰淇淋都是免费的
0,趣味性很强
0,有标准的游泳池可以游泳
0,服务态度很好
0,服务方面可圈可点
0,蒸的恰到好处
1,鹅肝煎的恰到好处
0,秋刀鱼有进步空间
1,餐厅整体的布置给人一种恰到好处的舒适感
1,汤底很清淡
0,配镜很耐心
0,味道都可圈可点
1,没想到寿司里面包着香蕉还挺好吃的
0,服务态度很好
0,酸菜鱼不错的
1,龙虾很新鲜
1,摄影老师建琳非常和蔼可亲
1,装奶盖的盒子别具一格
0,感觉荠菜挺新鲜的
0,进店的方式很特殊
0,味道非常不错
1,带子超鲜嫩
1,煎鹅肝很棒
0,休息大厅很大
1,大拌菜很爽口
0,虾的味道不错的
0,卫生间的马桶白净的
0,味道一如既往的好
0,露露人特别好
1,咖啡味恰到好处
1,很棒的饮品
0,味道确实不错
1,鱼蛋很爽滑
0,红糖姜汁恰到好处
0,口味很好环境很好服务到位很喜欢
0,点评推荐的几个菜都好吃
0,对了排骨不错哦
1,米饭煮的恰到好处
1,竹升面煮的恰到好处
1,重庆最好吃的泰国菜
0,听说他家公共号能领免费的面包
0,服务态度很好
1,苏州最棒的兰州牛肉面
1,烤鱼很美味
0,环境服务都很好
0,增加了休闲空间的开敞感
0,连续两年在这里订蛋糕
0,味道是实实在在熬出来的
0,螺蛳和肥肠还不错
0,是网红脏脏包和车厘子水果茶
1,芦笋煎地恰到好处
0,出乎意料的好吃环境好
0,虾仁口感不错
1,排骨很新鲜的
0,配面包不错
0,吃过这么多火锅
1,煮的芋圆恰到好处
0,小气泡效果不错
0,味道一如既往的好
1,炸灌肠脆脆的很香
0,紧挨着高桥红坊广场和高桥公园
0,辣的恰到好处
1,玫瑰和拿铁的拿捏恰到好处
1,环境古色古香很北京
1,祝老板肉串长烤长火
1,回味无穷他家的腐竹很好吃
1,三文鱼很新鲜
0,豆沙货真价实
1,寿司一如既往地很棒
0,有机会银杏树黄了还要再去一次
1,味增汤恰到好处泡菜炒饭很香
1,秋刀鱼烤的恰到好处
0,包个早饭午饭味道不错
1,咸蛋黄的咸味恰到好处
1,来一碗冰粉非常恰到好处的
0,油条有些凉
0,店的位置很好找
0,价格绝对透明
1,鸡翅烤的不错香料味恰到好处
1,游泳老师很熟练
0,豆浆还不错
1,虾仁个头大量多
0,崇明白切鸡
0,搭配的恰到好处
1,薄牛舌上面的那些葱放的恰到好处
0,装潢很不错的地方
1,装修很新奇
1,火爆脆肠真的超好吃
0,金钱肚味道不错
0,菜量非常可观
1,自制肉圆一如既往的好吃蟹肉棒很嫩
0,赠送甜品和水果服务还算不错
1,火锅的辣味恰到好处
0,色泽搭配很是鲜艳
1,龙虾很新鲜
0,选照片时照片晓得不错
0,没想到雪梨汁很好得掩盖了涩味
1,最爱树胶五分熟的串
0,蘸芥末酱油不错的
1,鸭血很入味
1,三文鱼厚切确实挺厚的
0,聚些伙伴热热闹闹的吃一番
1,甜虾真的很新鲜
0,难得去仙乐斯
0,万幸味道非常好
1,甜虾眼花缭乱好多种刺身
1,鸡翅调味很棒
0,店面门市赵婷美女很热心
0,服务态度非常的好
1,辣椒面配的恰到好处
1,米饭蒸的恰到好处
0,店里装修还不错呢
1,肉卷和汉堡都很香
1,金枪鱼黑米糍塔塔味道很独特
1,酸甜辣的恰到好处
1,烧鹅腿货真价实的好吃
1,掌中宝烤的恰到好处
0,舞台灯光效果音响都很不错
1,肥牛很鲜涮后入口肥美
0,烤鱼烤的不错
1,芝士奶盖咸咸的很浓郁
0,朋友安排在胖丫海鲜批发这里吃饭
0,海鲜挺新鲜的
1,蛋糕味道超棒
0,透明厨房可以看见厨师操作
1,摄影老师超认真
1,抹茶的苦味和奶油的甜味平衡得恰到好处
0,环境很不错
1,大肠挺入味
0,除此之外要从汉口到武昌只能选择轮渡了
1,糖蒜都好香
0,听说是家魔都过来的网红店
0,东西很好吃
1,粉条煮的恰到好处
0,生菜免费添的
1,辣的恰到好处
1,烤虾很入味
1,油焖大虾最为出彩香辣十足回味无穷
1,粉丝烧的恰到好处
0,去了虾线很干净
1,是武汉走向现代化的重要历史见证物
0,鸡汤还不错
1,猪肚最好吃
0,服务态度很好
0,口味很不错
1,吃完糯藕剩下的莲子沾着汁很好吃
1,装修特别温馨
1,摄影技术出众
1,鸡翅处理得恰到好处
1,装修是很富丽堂皇的那种
1,寿司很新鲜
0,味道很不错
0,只能点了大杯的新品爆米花星冰乐
0,味道恰到好处
1,银耳汤货真价实味道好
0,葱烤鸦片鱼头不错
0,假装在巴黎的名字取的恰到好处
0,店非常好找
1,店家是成都特色的古色古香装修风格
1,芥末口感恰到好处鱼子多多很赞
0,经典的菜品做得很不错
1,装修的挺古色古香
0,环境特别好
1,酱汁配米饭很香很香
0,感觉能干完三碗米饭
1,肉酱咸淡恰到好处
1,酸菜酸度恰到好处
0,感觉喜荟萃已经快吃完了
1,牛油果熟的恰到好处
1,虾蟹粥里海鲜很新鲜
0,餐具包不错
1,鱼烧的恰到好处
1,肉串烤得恰到好处
1,梅子的清香和秋刀鱼的口感都是恰到好处
0,宁波喜来登位于市区中心
1,刺身一如既往的很新鲜
0,东西很好吃
1,性价比而言外滩区域里面数一数二的
0,植物的布置错落有致
1,做美甲的小妹妹萱萱很和蔼可亲
1,豆腐挺嫩的
0,难得的是里面的麻花居然好好吃
1,牛肉寿喜锅的牛肉非常鲜美
1,游泳池非常漂亮
1,装修风格有点古代中式庭院很古色古香
0,店里重新装修
1,酸辣白菜和炝拌灰灰菜两道素菜恰到好处
0,榻榻米中间摆着几个类似沙画之类的立体画
1,牛腩煮的恰到好处
1,饮料很清爽
0,整体来说推荐一吃
1,菲力牛排处理的恰到好处
0,看到这边新开了宠物店
0,是一天最开心的时候银泰三楼有太多好吃的
1,鳗鱼饭鳗鱼烤的恰到好处
0,地点很好找
0,绢豆腐挺嫩
1,虾球货真价实很赞
0,品质一如既往地好
0,丰富的芝士配上足量的肉酱
1,裹粉恰到好处
0,看到每个人吃的津津有味
0,瘦牛肉很嫩
0,一进门一股浓浓的羊蝎子味儿
0,味道和服务态度一如既往都好
0,味道真心不错
0,餐厅环境很好
1,香茅草捆排骨好好吃
1,店面装修的非常富丽堂皇
1,细粉丝q弹有嚼劲
1,面部和颈肩按摩很棒
0,是园区口味不错的几家串串之一
0,团购价格便宜
0,菜品味道很好
1,辣的恰到好处
0,大拌菜很新鲜
1,芝士烤得很香
1,猪颈肉是孩子们的最爱
0,洗牙一个小时多
0,和舍友们一起去吃的
0,菜特别好吃
0,是家不错的餐厅哦
1,牛肉好新鲜
0,烤羊排特别好吃
1,最爱这家的绿豆饼和椰子饼
1,秋刀鱼烤得恰到好处
0,味道一如既往地好
1,蟹黄汤包货真价实
1,酱香凌波鱼好食吖
0,装修的是现代简洁风格
1,麻辣牛肉腌制的很入味
0,味道可圈可点的
0,面包蛋糕都不错
1,鱼烤的恰到好处
0,菜品很不错
1,牛肉非常鲜美
1,黄鱼蒸的恰到好处
1,炖汤做的很鲜美
0,口腔容易破
1,茶特别香翠绿
0,印象很深刻
1,主菜安格斯牛里脊肉质很嫩
1,羊蝎子很鲜嫩
1,海鲜很新鲜
1,装修好古色古香
0,碳火烤不熏很不错
0,猪蹄和炒粉味道不错
0,首推海盐牛油果坚奶这款建议三分糖
1,酸菜挺好吃的
1,西式食物品质味道都很正宗好吃
1,做蟹味菜货真价实味道好
0,做手工和推推乐蛋糕
0,位置很好找
0,犟骨头饭多了一份酸菜
0,练完之后觉得酣畅淋漓
0,心情会好很多
0,店里装修简洁
1,鱿鱼超级香
1,餐厅里灯光的明暗恰到好处
1,毛血旺料足味道好
1,芝士焗的程度恰到好处
1,蒸的时间恰到好处
0,价格很实在
1,腊味煲仔饭特别棒
0,房间有免费的矿泉水
1,沙拉做的很有心
1,最爱的小龙虾
1,辣的味道都恰到好处
1,芝士味恰到好处
0,吃过最好吃的黄米凉糕是黄三怪家的
0,质量一如既往的好
0,帮助选择的婚纱礼服特别称心
1,芝士挞上各种熊猫的图案十分可爱
0,牛蛙简直太辣了
1,饼底的酥脆程度恰到好处
1,加入的炒米恰到好处
1,剪发很仔细和认真
0,人气度一如既往的高
0,东西一如既往的好吃
1,店面很大装修风格很有古色古香的感觉
0,味道很不错
0,猪手不错哦
1,最爱咖喱软壳蟹咖喱味道赞
1,上海青的火候炒得恰到好处
1,最爱的烤鸭店
0,米饭沙拉和小菜是可以免费续的
1,汤底挺浓郁的
0,回味无穷哦
0,味道一如既往的好
0,食刺身食饱
0,来这家店很久了
1,榴莲肉货真价实量很多
0,猪肋排和烤鸡味道都还不错
0,最好坐公交车
1,孜然羊肉很美味
0,虾的味道不错的
1,鸡肉很新鲜
0,店里装修古色古香很让记忆深刻
1,洗头技师很棒
1,鸡腿肉很嫩
0,凤爪特别好吃
0,团购的很棒
1,爆腌牛肉各种味道非常恰到好处
0,小笼包是皮薄肉多
0,看到家门口开了乐高中心
0,排队人超多
1,羊杂面味道很棒
1,招牌盐酥鸡和鸡脆骨一如既往的好吃
1,店里装修挺精致
1,猪手煮的恰到好处
1,牛肉挺实在的
0,店内咖啡渣免费赠送
1,麦饭石滚鸡蛋恰到好处
0,黄鱼虾年糕
1,画的很开心
1,抹茶芝士依旧好好喝
0,居酒屋鸟串最好
1,健身模式很新颖
0,柴米油盐是老百姓的根本
0,米饭是免费自助取得
0,标牌很明显好找
0,看来人气很旺吖
0,餐厅稍微拥挤一点
0,悠然自得吃着饭
1,酸奶很细腻
1,沙拉酱拌的恰到好处
0,极细的干丝入高汤
0,很大的大厅
1,牛肉烧卖调味恰到好处
0,让人耳目一新且映像深刻的表演
1,味道很正宗的重庆火锅店
0,服务态度特别地好
1,很正极品毛肚真真的劲道
0,味道非常不错
1,虾滑很嫩很好吃
1,鸡爪一如既往的最爱呀一个人吃了四只
1,金花菜烧的恰到好处
1,咖喱酱恰到好处
0,老坛酸菜鱼不错
1,海胆很鲜甜
0,一进门琳琅满目好多蛋糕
1,水果茶的卖相特别棒
0,服务态度一如既往的好
1,芝士蛋糕配拿铁恰到好处
1,爆肚炒的恰到好处
1,摄影老师很认真精益求精
1,拍照的小静姐姐很有耐心
1,过油肉和油泼面都挺好吃的
0,拍照感觉很开心
1,送的冰粉超级棒
0,陪着柠檬汁很鲜美
1,洗发产品什么的都很高大上的感觉
1,肥牛很鲜嫩
0,口味一如既往的好
1,配镜人员很贴心
0,类似于火锅的感觉
0,味道真心不错
0,坐公交轻轨之类的很方便
0,有玩具电视小汽车分散宝宝注意力
1,酱骨架好实在啊
0,商场很干净
1,面条软硬恰到好处
1,强烈建议来迪拜的团选这家餐厅
1,最爱腰花咸菜面
1,柴火鱼头汤浓味鲜
0,服务态度很好
1,冰镇的芥末调料恰到好处
0,场馆环境不错
0,象鼻蚌刺身不错
1,双人套餐量超大
1,牛肉炖的恰到好处
0,小龙虾很新鲜
0,价格很便宜
1,加入辣酱之后的拌面爽口
1,桂花拉糕的糯米口感和甜度都恰到好处
1,折耳根很脆很香
1,三文鱼很棒
1,连豆芽都辣的恰到好处
0,位置在师大综合楼有点难找
1,花束和家具的点缀都恰到好处
0,服务态度很好
0,快结束的时候才想起来拍个照片过来评价
0,便宜的那种蟹柳点赞推荐的
0,一如既往的人多
1,最爱蟹脚热干面
0,店里的工作人员服务态度很好
0,全程拍照服务都非常好
1,牛肉烧制的恰到好处
1,兔头入味的恰到好处
0,口水鸡真的很不错
1,咖喱的味道调制得恰到好处
0,招牌牛肉烩饭两个人非常够吃
0,回味无穷帐篷是好帐篷
0,味道恰到好处
1,物美价廉吃冒菜最佳选择
0,服务态度很好
1,西餐做法的浓汤很棒
0,酱的口味有点像黄芥末什么的
0,洗头小哥很耐心
0,火候把握很好
0,炒乌冬不错
0,调出来的味道都是恰到好处
1,冰粉好好吃
1,梭边鱼特质味碟有别具一格的风味
0,和大蜜吃一次温暖的火锅很惬意
0,铁定这两种美食的真爱粉儿
0,金桔柠檬茶喝起来酸酸甜甜的
1,丰茂盛的肉品都很新鲜
0,装饰等都是展新的
1,溏心蛋火候恰到好处
1,西冷牛排烤得五分熟恰到好处
0,看到好多人都很遗憾
1,骨头酥软得可以直接吞食了
0,环境服务工具都是很不错呢
0,准确的来说饮料一般般
1,花蛤和蛏子都很新鲜
0,味道很不错
0,是实实在在的以一品四
1,一进门古色古香的装潢很是喜欢
1,双皮奶非常非常清甜
0,换装过程都很不错
1,鸡腿肉优质的鸡腿肉烤的恰到好处
0,是一爿很人気的台湾牛肉面后
0,前台赵安琪小姐和蔼可亲
0,凯撒鸡胸沙拉味道还不错
0,胡老师上课仔细
1,面包的颜色摆放地恰到好处
1,豆汁煮豆苗味道很新颖不错
0,色拉与火锅底料
0,学习环境很好
0,铁板烧的食物都不错
0,环境装修的不错
1,猪肚很新鲜
0,店里环境很好
1,羊腿超级香
0,效果很明显
1,烤鸭真心不错
0,扬州新开的在rmall四楼
1,拍照的医生很有耐心
1,是重庆最好吃的几种意面之一了
0,实实在在的好味道
1,酒精度恰到好处
0,味道一如既往的好吃
0,是把芝士烘焙成半成熟的状态
1,叉烧包甜咸恰到好处
0,友人的那杯拿铁不错的
0,沙拉的味道不错
1,牛肉粒和鹅肝的火候恰到好处
1,味道一如既往的好鱼很新鲜
1,酸黄瓜解腻不错干炒牛河看不少人推荐
0,港式装修很浓郁
1,萝卜挺好吃的
1,看得出韭菜很新鲜
0,有一些觉得不错的面包
0,辣度恰到好处
0,希望以后有所改进餐厅环境不错的
1,辣的恰到好处
0,长豆角老板讲这是自家地种的
1,牛肉一如既往很嫩很好吃
1,装修很高大上
1,烤羊火候恰到好处
